2002/1/4,17.78
2002/1/7,17.42
2002/1/8,17.55
2002/1/9,17.4
2002/1/10,17.4
2002/1/11,17.39
2002/1/14,17
2002/1/15,15.2
2002/1/16,15.5
2002/1/17,15.86
2002/1/18,15.08
2002/1/21,15.25
2002/1/22,15.1
2002/1/23,15.1
2002/1/24,15.85
2002/1/25,16.15
2002/1/28,16.15
2002/1/29,15.2
2002/1/30,15.6
2002/1/31,15.5
2002/2/1,17.25
2002/2/4,16.55
2002/2/5,17.18
2002/2/6,17.2
2002/2/7,16.55
2002/2/8,17.25
2002/2/25,17.26
2002/2/26,17
2002/2/27,17
2002/2/28,16.9
2002/3/1,16.9
2002/3/4,17
2002/3/5,17.6
2002/3/6,17.9
2002/3/7,17.95
2002/3/8,18.36
2002/3/11,18.4
2002/3/12,18.1
2002/3/13,18.35
2002/3/14,17.9
2002/3/15,18.1
2002/3/18,17.9
2002/3/19,17.9
2002/3/20,18.4
2002/3/21,18.4
2002/3/22,18.6
2002/3/25,18.3
2002/3/26,18.4
2002/3/27,18.17
2002/3/28,18.2
2002/3/29,18.2
2002/4/1,17.6
2002/4/2,17.65
2002/4/3,17.4
2002/4/4,17.73
2002/4/5,18.2
2002/4/8,18.36
2002/4/9,18.6
2002/4/10,18.66
2002/4/11,18.61
2002/4/12,18.4
2002/4/15,18.5
2002/4/16,18.4
2002/4/17,18.4
2002/4/19,18.4
2002/4/22,18
2002/4/23,17.95
2002/4/24,17.98
2002/4/25,17.9
2002/4/26,17.75
2002/4/29,18
2002/4/30,18.1
2002/5/8,18.3
2002/5/9,18.05
2002/5/10,18.22
2002/5/13,18.1
2002/5/14,17.85
2002/5/15,17.8
2002/5/16,17.8
2002/5/17,17.01
2002/5/20,17.21
2002/5/21,17.3
2002/5/22,17.62
2002/5/23,17.55
2002/5/24,17.35
2002/5/27,17
2002/5/28,17.19
2002/5/29,17.18
2002/5/30,16.83
2002/5/31,17.6
2002/6/3,17.4
2002/6/4,17.15
2002/6/5,17.33
2002/6/6,17.25
2002/6/7,17.55
2002/6/10,17.75
2002/6/11,17.54
2002/6/12,17.52
2002/6/13,17.55
2002/6/14,17.5
2002/6/17,17.45
2002/6/18,17.4
2002/6/19,17.68
2002/6/20,17.6
2002/6/21,17.75
2002/6/24,19.4
2002/6/25,20.28
2002/6/26,19.9
2002/6/27,20
2002/6/28,19.9
2002/7/2,20
2002/7/3,19.85
2002/7/4,20.1
2002/7/5,20.45
2002/7/8,20.7
2002/7/9,20.75
2002/7/10,20.75
2002/7/11,20.6
2002/7/12,11.35
2002/7/15,11.15
2002/7/16,11
2002/7/17,11.1
2002/7/18,11.18
2002/7/19,11.13
2002/7/22,11.2
2002/7/23,11.03
2002/7/24,11.2
2002/7/25,11.2
2002/7/26,11.12
2002/7/29,11.13
2002/7/30,11.17
2002/7/31,11.21
2002/8/1,11.15
2002/8/2,11.1
2002/8/5,11.11
2002/8/6,11.03
2002/8/7,11.25
2002/8/8,11.61
2002/8/9,11.55
2002/8/12,11.65
2002/8/13,11.53
2002/8/14,11.56
2002/8/15,11.59
2002/8/16,11.48
2002/8/19,11.32
2002/8/20,11.16
2002/8/21,11.6
2002/8/22,11.52
2002/8/23,11.52
2002/8/26,11.68
2002/8/27,11.53
2002/8/28,11.35
2002/8/29,11.26
2002/8/30,11.25
2002/9/2,11.29
2002/9/3,11.22
2002/9/4,10.52
2002/9/5,9.99
2002/9/6,9.7
2002/9/9,9.75
2002/9/10,9.9
2002/9/11,9.57
2002/9/12,9.54
2002/9/13,9.4
2002/9/16,9.3
2002/9/17,9.45
2002/9/18,9.31
2002/9/19,9.3
2002/9/20,9.38
2002/9/23,9.3
2002/9/24,9.25
2002/9/25,9.26
2002/9/26,9.28
2002/9/27,8.7
2002/10/8,8.9
2002/10/9,8.79
2002/10/10,8.52
2002/10/11,8.4
2002/10/14,8.44
2002/10/15,8.5
2002/10/16,8.3
2002/10/17,8.37
2002/10/18,8.21
2002/10/21,8.4
2002/10/22,8.32
2002/10/23,8.65
2002/10/24,8.5
2002/10/25,8.4
2002/10/28,8.3
2002/10/29,7.8
2002/10/30,7.98
2002/10/31,8.18
2002/11/1,7.9
2002/11/4,8
2002/11/5,8
2002/11/6,8.29
2002/11/7,8.25
2002/11/8,8.45
2002/11/11,8.15
2002/11/12,8.09
2002/11/13,7.82
2002/11/14,7.8
2002/11/15,7.88
2002/11/18,8.13
2002/11/19,8.32
2002/11/20,8.37
2002/11/21,7.89
2002/11/22,7.8
2002/11/25,7.9
2002/11/26,8.04
2002/11/27,7.95
2002/11/28,7.69
2002/11/29,7.9
2002/12/2,8.11
2002/12/3,7.91
2002/12/4,8.11
2002/12/5,8.25
2002/12/6,8.15
2002/12/10,8.2
2002/12/11,7.75
2002/12/12,7.5
2002/12/13,7.63
2002/12/16,7.75
2002/12/17,7.79
2002/12/18,7.93
2002/12/19,7.9
2002/12/20,7.9
2002/12/23,8.1
2002/12/24,8.04
2002/12/25,7.9
2002/12/26,7.91
2002/12/27,7.6
2002/12/30,7.6
2002/12/31,7.48
2003/1/2,7.45
2003/1/3,7.23
2003/1/6,7.27
2003/1/7,7.53
2003/1/8,7.49
2003/1/9,7.5
2003/1/10,7.75
2003/1/13,7.61
2003/1/14,7.58
2003/1/15,8.01
2003/1/16,8.08
2003/1/17,8.25
2003/1/20,8.49
2003/1/21,8.28
2003/1/22,8.15
2003/1/23,8.11
2003/1/24,8.15
2003/1/27,8.08
2003/1/28,8.28
2003/1/29,8.33
2003/2/10,8.5
2003/2/11,8.25
2003/2/12,8.35
2003/2/13,8.88
2003/2/14,8.6
2003/2/17,8.91
2003/2/18,8.66
2003/2/19,8.58
2003/2/20,8.7
2003/2/21,8.78
2003/2/24,8.48
2003/2/25,8.65
2003/2/26,8.69
2003/2/27,8.7
2003/2/28,8.63
2003/3/3,8.49
2003/3/4,8.39
2003/3/5,8.18
2003/3/6,8.3
2003/3/7,8.2
2003/3/10,8.1
2003/3/11,8
2003/3/12,8.05
2003/3/13,8.2
2003/3/14,8.15
2003/3/17,8.14
2003/3/18,8
2003/3/19,7.8
2003/3/20,7.65
2003/3/21,7.9
2003/3/24,7.91
2003/3/25,7.87
2003/3/26,7.76
2003/3/27,7.78
2003/3/28,8
2003/3/31,7.98
2003/4/1,8.19
2003/4/2,8.12
2003/4/3,8.28
2003/4/4,8.24
2003/4/7,8.18
2003/4/8,8.02
2003/4/9,8.05
2003/4/10,8.05
2003/4/11,8.1
2003/4/14,8.37
2003/4/15,8.78
2003/4/16,8.75
2003/4/17,8.58
2003/4/18,8.88
2003/4/21,9.15
2003/4/22,9.01
2003/4/23,9.14
2003/4/24,8.88
2003/4/25,8.3
2003/4/29,8.48
2003/4/30,8.23
2003/5/12,8.3
2003/5/13,8.1
2003/5/14,7.68
2003/5/15,7.89
2003/5/16,8.23
2003/5/19,8.58
2003/5/20,8.57
2003/5/21,8.55
2003/5/22,8.53
2003/5/23,8.49
2003/5/26,8.58
2003/5/27,8.42
2003/5/28,8.42
2003/5/29,8.45
2003/5/30,8.75
2003/6/2,8.61
2003/6/3,8.86
2003/6/4,8.56
2003/6/5,8.6
2003/6/6,8.37
2003/6/9,8.2
2003/6/10,8.19
2003/6/11,8.26
2003/6/12,8.4
2003/6/13,8.33
2003/6/16,8.37
2003/6/17,8.28
2003/6/18,8.41
2003/6/19,8.3
2003/6/20,8.16
2003/6/23,8.15
2003/6/24,8.01
2003/6/25,8.03
2003/6/26,7.94
2003/6/27,8.07
2003/7/1,7.8
2003/7/2,7.88
2003/7/3,7.94
2003/7/4,7.95
2003/7/7,7.88
2003/7/8,7.89
2003/7/9,8.07
2003/7/10,7.99
2003/7/11,8.08
2003/7/14,7.82
2003/7/15,7.88
2003/7/16,7.83
2003/7/17,7.88
2003/7/18,7.76
2003/7/21,7.5
2003/7/22,7.43
2003/7/23,7.39
2003/7/24,7.38
2003/7/25,7.4
2003/7/28,7.24
2003/7/29,7.27
2003/7/30,7.32
2003/7/31,7.3
2003/8/1,7.23
2003/8/4,7.05
2003/8/5,7.21
2003/8/6,7.2
2003/8/7,7.13
2003/8/8,7.2
2003/8/11,7.06
2003/8/12,7.09
2003/8/13,7.06
2003/8/14,7.11
2003/8/15,7.04
2003/8/18,6.92
2003/8/19,6.94
2003/8/20,6.97
2003/8/21,7
2003/8/22,6.99
2003/8/25,6.92
2003/8/26,6.74
2003/8/27,6.77
2003/8/28,6.9
2003/8/29,6.89
2003/9/1,6.94
2003/9/2,7.03
2003/9/3,6.98
2003/9/4,6.93
2003/9/5,6.89
2003/9/8,6.74
2003/9/9,6.66
2003/9/10,6.72
2003/9/11,6.76
2003/9/12,6.72
2003/9/15,6.63
2003/9/16,6.6
2003/9/17,6.55
2003/9/18,6.28
2003/9/19,6.3
2003/9/22,6.25
2003/9/23,6.24
2003/9/24,6.33
2003/9/25,6.35
2003/9/26,6.2
2003/9/30,6
2003/10/8,6.08
2003/10/9,6.1
2003/10/10,6.05
2003/10/13,6.23
2003/10/14,6.18
2003/10/15,6.14
2003/10/16,6.18
2003/10/17,6.04
2003/10/20,6.09
2003/10/21,6.31
2003/10/22,6.46
2003/10/23,6.58
2003/10/24,6.5
2003/10/27,6.48
2003/10/28,6.58
2003/10/29,6.76
2003/10/30,6.8
2003/10/31,6.8
2003/11/3,6.77
2003/11/4,6.89
2003/11/5,6.98
2003/11/6,6.92
2003/11/7,6.76
2003/11/10,7.08
2003/11/11,7.15
2003/11/12,7.23
2003/11/13,7.03
2003/11/14,7.1
2003/11/17,7.08
2003/11/18,6.85
2003/11/19,6.73
2003/11/20,6.98
2003/11/21,7.14
2003/11/24,6.96
2003/11/25,7.04
2003/11/26,7.28
2003/11/27,7.21
2003/11/28,7.07
2003/12/1,7.16
2003/12/2,7.2
2003/12/3,7.12
2003/12/4,7.11
2003/12/5,7.17
2003/12/8,7.04
2003/12/9,7
2003/12/10,7.2
2003/12/11,7.32
2003/12/12,7.41
2003/12/15,7.2
2003/12/16,6.7
2003/12/17,6.6
2003/12/18,6.58
2003/12/19,6.51
2003/12/22,6.2
2003/12/23,6.48
2003/12/24,6.68
2003/12/25,6.8
2003/12/26,7.25
2003/12/30,7.08
2003/12/31,7.06
2004/1/2,6.99
2004/1/5,7
2004/1/6,7.5
2004/1/7,7.36
2004/1/8,7.46
2004/1/9,7.6
2004/1/12,7.6
2004/1/13,7.67
2004/1/14,7.7
2004/1/15,7.6
2004/1/16,7.61
2004/1/29,7.86
2004/1/30,8.1
2004/2/2,8.38
2004/2/3,8.18
2004/2/4,8.09
2004/2/5,8.14
2004/2/6,8.18
2004/2/9,8.22
2004/2/10,8.27
2004/2/11,8.23
2004/2/12,8.22
2004/2/13,8.22
2004/2/16,8.07
2004/2/17,8.15
2004/2/18,8.3
2004/2/19,8.45
2004/2/20,8.38
2004/2/23,8.39
2004/2/24,8.24
2004/2/25,8.13
2004/2/26,8.15
2004/2/27,8.3
2004/3/1,8.78
2004/3/2,9
2004/3/3,8.98
2004/3/4,8.55
2004/3/5,8.88
2004/3/8,8.95
2004/3/9,8.9
2004/3/10,8.9
2004/3/11,9.22
2004/3/12,9.26
2004/3/15,9.16
2004/3/16,9.4
2004/3/17,9.41
2004/3/18,9.9
2004/3/19,9.63
2004/3/22,9.72
2004/3/23,9.78
2004/3/24,9.59
2004/3/25,9.4
2004/3/26,9.5
2004/3/29,10.03
2004/3/30,10.01
2004/3/31,10.2
2004/4/1,10.36
2004/4/2,10.4
2004/4/5,10.75
2004/4/6,10.96
2004/4/7,11.38
2004/4/8,11.11
2004/4/9,11.19
2004/4/12,10.6
2004/4/13,10.86
2004/4/14,10.55
2004/4/15,10.61
2004/4/16,10.65
2004/4/19,10.7
2004/4/20,10.83
2004/4/21,10.58
2004/4/22,9.78
2004/4/23,10
2004/4/26,9.68
2004/4/28,9.55
2004/4/29,9.69
2004/4/30,9.3
2004/5/10,9.47
2004/5/11,9.05
2004/5/12,9.23
2004/5/13,9.5
2004/5/14,9.47
2004/5/17,8.8
2004/5/18,8.86
2004/5/19,9.13
2004/5/20,8.95
2004/5/21,9.16
2004/5/24,9.14
2004/5/25,9.15
2004/5/26,8.9
2004/5/27,9.04
2004/5/28,9.43
2004/5/31,9.38
2004/6/1,9.57
2004/6/2,9.61
2004/6/3,9.46
2004/6/4,8.98
2004/6/7,9.15
2004/6/8,8.88
2004/6/9,8.59
2004/6/10,8.21
2004/6/11,8.67
2004/6/14,8.39
2004/6/15,8.23
2004/6/16,8.39
2004/6/17,8.4
2004/6/18,8.36
2004/6/21,7.61
2004/6/22,7.84
2004/6/23,7.83
2004/6/24,7.83
2004/6/25,8.04
2004/6/28,7.83
2004/6/29,7.87
2004/6/30,8.08
2004/7/1,8.23
2004/7/2,8.45
2004/7/5,8.39
2004/7/6,8.57
2004/7/7,8.55
2004/7/8,8.55
2004/7/9,8.56
2004/7/12,8.41
2004/7/13,8.02
2004/7/14,8.15
2004/7/15,8.25
2004/7/16,8.5
2004/7/19,8.75
2004/7/20,8.7
2004/7/21,8.77
2004/7/22,8.8
2004/7/23,8.35
2004/7/26,8.51
2004/7/27,8.38
2004/7/28,8.35
2004/7/29,8.41
2004/7/30,8.59
2004/8/2,8.35
2004/8/3,8.4
2004/8/4,8.25
2004/8/5,8.4
2004/8/6,9.06
2004/8/9,8.67
2004/8/10,7.8
2004/8/11,8.06
2004/8/12,8
2004/8/13,7.99
2004/8/16,8.15
2004/8/17,8.15
2004/8/18,8.14
2004/8/19,8.23
2004/8/20,8.11
2004/8/23,7.95
2004/8/24,7.22
2004/8/25,7.29
2004/8/26,7.18
2004/8/27,7.07
2004/8/30,6.95
2004/8/31,7.12
2004/9/1,6.9
2004/9/2,7.03
2004/9/3,7.02
2004/9/6,7.08
2004/9/7,6.98
2004/9/8,7.07
2004/9/9,7.06
2004/9/10,6.92
2004/9/13,6.85
2004/9/14,6.6
2004/9/15,6.84
2004/9/16,7.13
2004/9/17,7.31
2004/9/20,7.65
2004/9/21,7.87
2004/9/22,7.65
2004/9/23,7.4
2004/9/24,7.65
2004/9/27,7.6
2004/9/28,7.42
2004/9/29,7.49
2004/9/30,7.58
2004/10/8,7.39
2004/10/11,7.48
2004/10/12,7.41
2004/10/13,7.29
2004/10/14,7.09
2004/10/15,6.7
2004/10/18,6.75
2004/10/19,6.76
2004/10/20,6.92
2004/10/21,7.15
2004/10/22,7.31
2004/10/26,7.2
2004/10/27,7
2004/10/28,7.15
2004/10/29,7
2004/11/1,6.85
2004/11/2,6.8
2004/11/3,7.21
2004/11/4,7.25
2004/11/5,7.32
2004/11/8,7.27
2004/11/9,7.4
2004/11/10,7.5
2004/11/11,7.74
2004/11/12,7.48
2004/11/15,7.51
2004/11/16,7.65
2004/11/17,7.57
2004/11/18,7.61
2004/11/19,6.42
2004/11/22,6.41
2004/11/23,6.37
2004/11/24,6.22
2004/11/25,6.19
2004/11/26,6.2
2004/11/29,6.16
2004/11/30,5.98
2004/12/1,5.94
2004/12/2,5.98
2004/12/3,6.09
2004/12/6,6.04
2004/12/7,6.14
2004/12/8,6
2004/12/9,5.94
2004/12/10,5.99
2004/12/13,5.75
2004/12/14,5.74
2004/12/15,5.65
2004/12/16,5.63
2004/12/17,5.77
2004/12/20,5.51
2004/12/21,5.52
2004/12/22,5.48
2004/12/23,5.6
2004/12/24,5.53
2004/12/27,5.61
2004/12/28,5.56
2004/12/29,5.45
2004/12/30,5.49
2004/12/31,5.51
2005/1/4,5.4
2005/1/5,5.14
2005/1/6,5.28
2005/1/7,5.17
2005/1/10,5.22
2005/1/11,5.26
2005/1/12,5.24
2005/1/13,5.21
2005/1/14,5.42
2005/1/17,5.34
2005/1/18,5.1
2005/1/19,5.15
2005/1/20,5.12
2005/1/21,5.18
2005/1/24,5.57
2005/1/25,5.4
2005/1/26,5.38
2005/1/27,5.25
2005/1/28,5.23
2005/1/31,5.17
2005/2/1,4.9
2005/2/2,4.94
2005/2/3,5.26
2005/2/4,5.27
2005/2/16,5.47
2005/2/17,5.41
2005/2/18,5.44
2005/2/21,5.42
2005/2/22,5.68
2005/2/23,5.78
2005/2/24,5.72
2005/2/25,5.79
2005/2/28,5.88
2005/3/1,5.76
2005/3/2,5.8
2005/3/3,5.78
2005/3/4,5.72
2005/3/7,5.66
2005/3/8,5.84
2005/3/9,5.92
2005/3/10,5.92
2005/3/11,5.83
2005/3/14,5.88
2005/3/15,6.25
2005/3/16,6.17
2005/3/17,6.12
2005/3/18,6.28
2005/3/21,6.05
2005/3/22,5.95
2005/3/23,5.76
2005/3/24,5.85
2005/3/25,6.1
2005/3/28,6.36
2005/3/29,6.38
2005/3/30,6.29
2005/3/31,6.31
2005/4/1,6.28
2005/4/4,6.33
2005/4/5,6.06
2005/4/6,6.19
2005/4/7,6.32
2005/4/8,6.38
2005/4/11,6.29
2005/4/12,6.34
2005/4/13,5.95
2005/4/14,6.03
2005/4/15,5.6
2005/4/18,5.65
2005/4/19,5.74
2005/4/20,5.35
2005/4/21,5.31
2005/4/22,5.32
2005/4/25,5.48
2005/4/26,5.42
2005/4/27,5.62
2005/4/28,5.52
2005/4/29,5.62
2005/5/9,5.39
2005/5/10,5.33
2005/5/11,5.31
2005/5/12,5.26
2005/5/13,5.28
2005/5/17,4.55
2005/5/18,4.72
2005/5/19,4.84
2005/5/20,4.92
2005/5/23,4.8
2005/5/24,4.74
2005/5/25,4.88
2005/5/26,4.8
2005/5/27,4.68
2005/5/30,4.72
2005/5/31,4.81
2005/6/1,4.79
2005/6/2,4.58
2005/6/3,4.45
2005/6/6,4.3
2005/6/7,4.47
2005/6/8,4.4
2005/6/9,4.83
2005/6/10,4.95
2005/6/13,4.85
2005/6/14,4.95
2005/6/15,4.85
2005/6/16,4.67
2005/6/17,4.8
2005/6/20,4.75
2005/6/21,4.95
2005/6/22,4.87
2005/6/23,4.85
2005/6/24,4.77
2005/6/27,4.85
2005/6/28,4.85
2005/6/29,4.83
2005/6/30,4.78
2005/7/1,4.51
2005/7/4,4.35
2005/7/5,4.41
2005/7/6,4.46
2005/7/7,4.4
2005/7/8,4.4
2005/7/11,4.46
2005/7/12,4.32
2005/7/13,4.52
2005/7/14,4.44
2005/7/15,4.35
2005/7/18,4.16
2005/7/19,3.85
2005/7/20,4.05
2005/7/21,4.01
2005/7/22,4.06
2005/7/25,4.14
2005/7/26,4.16
2005/7/27,4.35
2005/7/28,4.38
2005/7/29,4.39
2005/8/1,4.41
2005/8/2,4.4
2005/8/3,4.58
2005/8/4,4.58
2005/8/5,4.63
2005/8/8,4.95
2005/8/9,4.99
2005/8/10,5.35
2005/8/11,5.42
2005/8/12,5.35
2005/8/16,5.7
2005/8/17,5.48
2005/8/18,5.54
2005/8/19,5.2
2005/8/22,5.2
2005/8/23,5.26
2005/8/24,5.3
2005/8/25,5.49
2005/8/26,5.46
2005/8/29,5.47
2005/8/30,5.58
2005/8/31,5.8
2005/9/1,5.77
2005/9/2,6.1
2005/9/5,6.05
2005/9/6,6.07
2005/9/7,5.87
2005/9/8,6.1
2005/9/9,6.01
2005/9/12,6.09
2005/9/13,6.13
2005/9/14,6.39
2005/9/15,6.35
2005/9/16,6.31
2005/9/29,6.02
2005/9/30,6.39
2005/10/10,7.38
2005/10/11,7.03
2005/10/12,7.51
2005/10/13,7.61
2005/11/7,6.26
2005/11/8,6.85
2005/11/9,6.7
2005/11/10,6.98
2005/11/11,7.01
2005/11/14,6.9
2005/11/15,6.66
2005/11/16,5.91
2005/11/17,5.91
2005/11/18,5.85
2005/11/21,6.16
2005/11/22,6.14
2005/11/23,5.88
2005/11/24,6
2005/11/28,6.1
2005/11/29,5.67
2005/11/30,5.55
2005/12/1,5.75
2005/12/2,5.96
2005/12/5,5.91
2005/12/6,5.88
2005/12/7,2.9
2005/12/8,2.9
2005/12/9,2.82
2005/12/12,2.95
2005/12/13,3.2
2005/12/14,3.3
2005/12/15,3.43
2005/12/16,3.34
2005/12/19,3.38
2005/12/20,3.34
2005/12/21,3.45
2005/12/22,3.38
2005/12/23,3.4
2005/12/26,3.43
2005/12/27,3.62
2005/12/28,3.75
2005/12/29,3.74
2005/12/30,3.81
2006/1/4,3.76
2006/1/5,3.84
2006/1/6,3.75
2006/1/9,3.69
2006/1/10,3.91
2006/1/11,3.9
2006/1/12,3.72
2006/1/13,3.84
2006/1/16,3.8
2006/1/17,3.62
2006/1/18,3.66
2006/1/19,3.71
2006/1/20,3.81
2006/1/23,3.84
2006/1/24,4.18
2006/1/25,4.07
2006/2/6,4.3
2006/2/7,4.51
2006/2/8,4.4
2006/2/9,4.31
2006/2/10,4.16
2006/2/13,4.43
2006/2/14,4.36
2006/2/15,4.36
2006/2/16,4.34
2006/2/17,4.08
2006/2/20,3.94
2006/2/21,4.04
2006/2/22,4.11
2006/2/23,4.1
2006/2/24,4.07
2006/2/27,4.05
2006/2/28,3.92
2006/3/1,4.06
2006/3/2,4.08
2006/3/3,4.1
2006/3/6,4.1
2006/3/7,4.05
2006/3/8,3.85
2006/3/9,3.92
2006/3/10,3.7
2006/3/13,3.62
2006/3/14,3.71
2006/3/15,3.72
2006/3/16,3.81
2006/3/17,3.8
2006/3/20,3.85
2006/3/21,3.87
2006/3/22,4.11
2006/3/23,4.14
2006/3/24,4.2
2006/3/27,4.2
2006/3/28,4.31
2006/3/29,4.3
2006/3/30,4.15
2006/3/31,4.01
2006/4/3,4.04
2006/4/4,4.25
2006/4/5,4.28
2006/4/6,4.26
2006/4/7,4.15
2006/4/11,4.27
2006/4/12,4.25
2006/4/13,4.34
2006/4/14,4.47
2006/4/17,4.5
2006/4/18,4.49
2006/4/19,4.4
2006/4/20,4.55
2006/4/21,4.8
2006/4/24,5.51
2006/4/25,5.4
2006/4/26,5.6
2006/4/27,5.2
2006/4/28,5.18
2006/5/8,5.43
2006/5/9,5.58
2006/5/10,6.28
2006/5/16,6.95
2006/5/17,6.04
2006/5/18,6.05
2006/5/19,5.72
2006/5/22,6.32
2006/5/23,6.48
2006/5/24,6.28
2006/5/25,6.2
2006/5/26,6.2
2006/5/29,6.17
2006/5/30,6.4
2006/5/31,6.63
2006/6/1,6.27
2006/6/2,6.35
2006/6/5,6.07
2006/6/6,6.26
2006/6/7,6.1
2006/6/8,5.54
2006/6/9,5.29
2006/6/12,5.03
2006/6/13,5.14
2006/6/14,5.26
2006/6/16,5.15
2006/6/19,5.3
2006/6/20,5.38
2006/6/21,5.51
2006/6/22,5.45
2006/6/23,5.38
2006/6/26,5.54
2006/6/27,5.7
2006/6/28,5.62
2006/6/29,5.6
2006/7/4,5.45
2006/7/5,5.06
2006/7/6,4.9
2006/7/7,5.23
2006/7/10,5.28
2006/7/11,5.45
2006/7/12,5.3
2006/7/13,5.09
2006/7/14,4.72
2006/7/17,4.83
2006/7/18,5.09
2006/7/19,5.05
2006/7/20,4.86
2006/7/21,4.91
2006/7/24,4.93
2006/7/25,5.03
2006/7/26,5.04
2006/7/27,4.93
2006/7/28,4.91
2006/7/31,4.92
2006/8/1,4.86
2006/8/2,4.67
2006/8/3,4.47
2006/8/4,4.51
2006/8/7,4.51
2006/8/8,4.47
2006/8/9,4.5
2006/8/10,4.55
2006/8/11,4.56
2006/8/14,4.58
2006/8/15,4.5
2006/8/16,4.54
2006/8/17,4.58
2006/8/18,4.44
2006/8/21,4.19
2006/8/22,4.25
2006/8/23,4.54
2006/8/24,4.47
2006/8/25,4.46
2006/8/28,4.45
2006/8/29,4.56
2006/8/30,4.46
2006/8/31,4.34
2006/9/1,4.36
2006/9/4,4.15
2006/9/5,4.33
2006/9/6,4.48
2006/9/7,4.75
2006/9/8,4.58
2006/9/12,4.82
2006/9/13,4.58
2006/9/14,4.48
2006/9/15,4.44
2006/9/18,4.51
2006/9/19,4.58
2006/9/20,4.58
2006/9/21,4.66
2006/9/22,4.96
2006/9/25,4.88
2006/9/26,4.95
2006/9/27,4.8
2006/9/28,5.07
2006/9/29,4.94
2006/10/10,5.18
2006/10/11,5.2
2006/10/12,5.31
2006/10/13,5.16
2006/10/16,5.4
2006/10/17,5.33
2006/10/18,5.2
2006/10/19,5.26
2006/10/20,5.12
2006/10/23,5.05
2006/10/24,4.82
2006/10/25,4.97
2006/10/26,4.98
2006/10/27,4.86
2006/10/30,4.65
2006/10/31,4.85
2006/10/31,4.85
2006/11/1,4.75
2006/11/2,4.81
2006/11/3,4.7
2006/11/6,4.79
2006/11/7,4.85
2006/11/8,4.7
2006/11/9,4.58
2006/11/10,4.61
2006/11/13,4.63
2006/11/14,4.41
2006/11/15,4.49
2006/11/16,4.51
2006/11/17,4.58
2006/11/20,5.02
2006/11/21,5.28
2006/11/22,5.2
2006/11/23,5.17
2006/11/24,5.19
2006/11/27,5.13
2006/11/28,5.2
2006/11/29,5.15
2006/11/30,5.46
2006/12/1,5.41
2006/12/4,5.37
2006/12/5,5.68
2006/12/6,5.6
2006/12/7,5.43
2006/12/11,5.52
2006/12/12,5.68
2006/12/13,5.4
2006/12/14,5.3
2006/12/15,5.46
2006/12/18,5.51
2006/12/19,5.61
2006/12/20,5.43
2006/12/21,5.7
2006/12/22,5.39
2006/12/25,5.35
2006/12/26,5.32
2006/12/28,5.4
2006/12/29,5.48
2007/1/4,5.81
2007/1/5,6
2007/1/8,6.15
2007/1/9,6.29
2007/1/10,6.21
2007/1/11,6.3
2007/1/12,6.13
2007/1/15,5.86
2007/1/16,6.14
2007/1/17,6.2
2007/1/18,5.91
2007/1/19,6.14
2007/1/22,6.45
2007/1/23,6.8
2007/1/24,6.68
2007/1/25,6.8
2007/1/26,6.4
2007/1/29,7.2
2007/1/30,7.4
2007/1/31,6.71
2007/2/1,6.21
2007/2/2,6.38
2007/2/5,6.46
2007/2/6,6.39
2007/2/7,6.53
2007/2/8,6.9
2007/2/9,6.99
2007/2/12,7.06
2007/2/13,7.15
2007/2/14,7.1
2007/2/15,7.64
2007/2/16,7.71
2007/2/27,8.08
2007/2/28,7
2007/3/1,7.65
2007/3/2,7.81
2007/3/5,7.99
2007/3/6,7.73
2007/3/7,7.71
2007/3/8,7.82
2007/3/9,7.82
2007/3/12,7.57
2007/3/13,8.22
2007/3/14,8
2007/3/15,7.91
2007/3/16,7.98
2007/3/19,7.42
2007/3/20,8.15
2007/3/21,8.6
2007/3/22,8.58
2007/3/23,8.83
2007/3/26,9.22
2007/3/27,9.35
2007/3/28,9.18
2007/3/29,8.88
2007/3/30,8.75
2007/4/2,8.86
2007/4/3,9.08
2007/4/4,9.28
2007/4/5,9.08
2007/4/6,9.04
2007/4/9,9.1
2007/4/10,9.58
2007/4/11,9.33
2007/4/12,10.08
2007/4/13,10.14
2007/4/16,9.72
2007/4/17,9.89
2007/4/18,9.92
2007/4/19,10
2007/4/20,9.23
2007/4/23,9.55
2007/4/24,9.21
2007/4/25,9.5
2007/4/26,9.85
2007/4/27,10.19
2007/4/30,9.7
2007/5/8,9.65
2007/5/9,9.9
2007/5/10,11
2007/5/11,10.89
2007/5/14,10.49
2007/5/15,10.9
2007/5/16,10.1
2007/5/17,10.4
2007/5/18,10.74
2007/5/21,10.15
2007/5/22,10.52
2007/5/23,11.3
2007/5/25,10.88
2007/5/28,11.4
2007/5/29,11.31
2007/5/30,10.14
2007/5/31,9.75
2007/6/1,9
2007/6/4,7.85
2007/6/5,6.99
2007/6/6,7.15
2007/6/7,7.26
2007/6/8,7.75
2007/6/11,7.83
2007/6/12,8.5
2007/6/13,9.32
2007/6/14,9.1
2007/6/15,8.5
2007/6/18,8.54
2007/6/19,8.5
2007/6/20,8.53
2007/6/21,7.8
2007/6/22,7.68
2007/6/25,7.46
2007/6/26,6.57
2007/6/27,7.15
2007/6/28,7
2007/6/29,6.5
2007/7/2,6.41
2007/7/3,6.69
2007/7/4,6.54
2007/7/9,6.5
2007/7/10,6.7
2007/7/11,6.41
2007/7/12,6.3
2007/7/13,5.99
2007/7/16,5.95
2007/7/17,5.9
2007/7/19,6
2007/7/20,5.86
2007/7/23,6.08
2007/7/24,6.42
2007/7/25,6.36
2007/7/26,6.53
2007/7/27,6.7
2007/7/30,6.9
2007/7/31,6.89
2007/8/1,6.79
2007/8/2,6.25
2007/8/3,6.36
2007/8/6,6.2
2007/8/7,6.48
2007/8/8,6.3
2007/8/9,6.77
2007/8/10,6.88
2007/8/13,7.13
2007/8/14,6.81
2007/8/15,6.93
2007/8/16,6.7
2007/8/17,7.14
2007/8/20,7.3
2007/8/21,7.29
2007/8/22,7.27
2007/8/23,7.41
2007/8/24,7.63
2007/8/27,7.98
2007/8/28,7.4
2007/8/29,7.36
2007/8/30,7.53
2007/8/31,7.98
2007/9/3,7.9
2007/9/4,7.93
2007/9/5,8.28
2007/9/6,8.14
2007/9/7,8
2007/9/10,7.69
2007/9/11,8.3
2007/9/12,7.4
2007/9/13,7.48
2007/9/14,7.6
2007/9/17,7.86
2007/9/18,8.15
2007/9/19,8.08
2007/9/20,8.26
2007/9/24,8.31
2007/9/25,8.2
2007/9/26,8.08
2007/9/27,7.87
2007/9/28,7.86
2007/10/8,8.05
2007/10/9,7.81
2007/10/10,7.7
2007/10/11,7.76
2007/10/12,7.31
2007/10/15,7.17
2007/10/16,7.02
2007/10/17,7.15
2007/10/18,7.21
2007/10/19,7
2007/10/22,6.8
2007/10/23,6.52
2007/10/24,6.65
2007/10/25,6.28
2007/10/26,6.45
2007/10/29,6.37
2007/10/30,6.53
2007/10/31,6.65
2007/11/1,6.93
2007/11/2,6.69
2007/11/5,6.4
2007/11/6,6.49
2007/11/7,6.74
2007/11/8,6.99
2007/11/9,6.71
2007/11/12,6.69
2007/11/13,6.9
2007/11/14,7.04
2007/11/15,7.15
2007/11/16,7.22
2007/11/19,7.45
2007/11/20,7.19
2007/11/21,7.39
2007/11/22,7.13
2007/11/23,6.77
2007/11/26,7.09
2007/11/27,6.8
2007/11/29,6.5
2007/11/30,6.71
2007/12/3,6.42
2007/12/4,6.53
2007/12/5,6.61
2007/12/6,6.78
2007/12/7,6.77
2007/12/10,6.95
2007/12/11,6.96
2007/12/12,7.05
2007/12/13,7.2
2007/12/14,6.85
2007/12/17,7.04
2007/12/18,7.46
2007/12/19,7.34
2007/12/20,7.31
2007/12/21,7.35
2007/12/24,7.55
2007/12/25,7.61
2007/12/26,7.51
2007/12/27,7.7
2007/12/28,7.69
2008/1/3,8.26
2008/1/4,9
2008/1/7,9
2008/1/8,9.5
2008/1/9,8.95
2008/1/10,9.2
2008/1/11,9.2
2008/1/14,9.01
2008/1/15,9.02
2008/1/16,9.1
2008/1/17,10.03
2008/1/18,9.7
2008/1/21,10.13
2008/1/22,9.24
2008/1/23,8.3
2008/1/24,8.95
2008/1/25,9.3
2008/1/28,9
2008/1/29,8.25
2008/1/30,8.41
2008/1/31,8.35
2008/2/1,8.15
2008/2/4,7.92
2008/2/5,8.25
2008/2/13,8.14
2008/2/14,8.3
2008/2/15,8.25
2008/2/18,8.36
2008/2/19,8.61
2008/2/20,8.95
2008/2/21,9.05
2008/2/22,9.19
2008/2/25,8.82
2008/2/26,9.11
2008/2/27,9.01
2008/2/28,9.4
2008/2/29,9.16
2008/3/3,9.31
2008/3/4,9.64
2008/3/5,10.15
2008/3/6,10.48
2008/3/7,9.9
2008/3/10,10.09
2008/3/11,9.57
2008/3/12,10.02
2008/3/13,9.5
2008/3/14,9.05
2008/3/17,9.08
2008/3/18,8.35
2008/3/19,8.21
2008/3/20,8.3
2008/3/21,9
2008/3/24,9.15
2008/3/25,8.83
2008/3/26,9.5
2008/3/27,9.19
2008/3/28,8.52
2008/3/31,8.95
2008/4/1,8.64
2008/4/2,7.79
2008/4/3,6.94
2008/4/7,6.98
2008/4/8,7.42
2008/4/9,7.25
2008/4/10,7.1
2008/4/11,7.62
2008/4/14,7.25
2008/4/15,6.78
2008/4/16,7.1
2008/4/17,7.04
2008/4/18,6.64
2008/4/21,6.66
2008/4/22,5.94
2008/4/23,6.08
2008/4/24,6.88
2008/4/25,6.93
2008/4/28,6.78
2008/4/30,6.96
2008/5/5,7.28
2008/5/6,7.35
2008/5/7,7.51
2008/5/8,7.04
2008/5/9,7.8
2008/5/12,7.54
2008/5/13,7.48
2008/5/14,7.98
2008/5/15,8.03
2008/5/16,7.82
2008/5/19,7.9
2008/5/20,8
2008/5/21,7.18
2008/5/22,7.45
2008/5/23,7.74
2008/5/26,7.49
2008/5/27,7.48
2008/5/28,7.37
2008/5/29,7.73
2008/5/30,7.77
2008/6/2,7.95
2008/6/3,8.42
2008/6/4,8.3
2008/6/5,8.3
2008/6/6,7.9
2008/6/10,7.33
2008/6/11,6.65
2008/6/12,6.5
2008/6/13,6.7
2008/6/16,6.11
2008/6/17,6.24
2008/6/18,5.9
2008/6/19,6.47
2008/6/20,6.35
2008/6/23,6.35
2008/6/24,6.25
2008/6/25,6.55
2008/6/26,6.78
2008/6/27,6.62
2008/6/30,6.18
2008/7/1,6.35
2008/7/2,6.48
2008/7/3,6.38
2008/7/4,6.75
2008/7/7,6.79
2008/7/8,7
2008/7/9,6.91
2008/7/10,7.04
2008/7/11,6.8
2008/7/14,6.96
2008/7/15,6.93
2008/7/16,6.67
2008/7/17,6.26
2008/7/18,6.15
2008/7/22,6.5
2008/7/23,6.5
2008/7/24,6.5
2008/7/25,6.5
2008/7/28,6.6
2008/7/29,6.53
2008/7/30,6.4
2008/7/31,6.33
2008/8/1,6.04
2008/8/4,6.08
2008/8/5,6.08
2008/8/6,6.03
2008/8/7,5.9
2008/8/8,5.86
2008/8/11,5.28
2008/8/12,4.71
2008/8/13,4.56
2008/8/14,4.65
2008/8/15,4.7
2008/8/18,4.72
2008/8/19,4.21
2008/8/20,4.28
2008/8/21,4.54
2008/8/22,4.51
2008/8/25,4.5
2008/8/26,4.5
2008/8/27,4.06
2008/8/28,4.04
2008/8/29,3.93
2008/9/1,4.02
2008/9/2,3.88
2008/9/3,3.97
2008/9/4,4.01
2008/9/5,3.98
2008/9/8,3.91
2008/9/9,3.6
2008/9/10,3.61
2008/9/11,3.65
2008/9/12,3.49
2008/9/16,3.48
2008/9/17,3.28
2008/9/18,3
2008/9/19,3.38
2008/9/22,3.65
2008/9/23,3.66
2008/9/24,3.6
2008/9/25,3.8
2008/9/26,3.77
2008/10/6,3.63
2008/10/7,3.56
2008/10/8,3.39
2008/10/9,3.46
2008/10/10,3.2
2008/10/13,2.99
2008/10/14,3.3
2008/10/15,3.05
2008/10/16,2.99
2008/10/17,2.99
2008/10/20,3.02
2008/10/21,3.15
2008/10/22,3.05
2008/10/23,2.95
2008/10/24,3.03
2008/10/27,2.98
2008/10/28,2.66
2008/10/29,2.84
2008/10/30,2.68
2008/10/31,2.7
2008/11/3,2.63
2008/11/4,2.59
2008/11/5,2.54
2008/11/6,2.53
2008/11/7,2.55
2008/11/10,2.73
2008/11/11,2.88
2008/11/12,2.76
2008/11/13,2.82
2008/11/14,3.03
2008/11/17,3.1
2008/11/18,3.31
2008/11/19,3.05
2008/11/20,3.18
2008/11/21,3.28
2008/11/24,3.27
2008/11/25,3.25
2008/11/26,3.15
2008/11/27,3.37
2008/11/28,3.12
2008/12/1,3.17
2008/12/2,3.33
2008/12/3,3.48
2008/12/4,3.6
2008/12/5,3.77
2008/12/8,4.2
2008/12/9,4.15
2008/12/10,3.88
2008/12/11,4.03
2008/12/12,3.87
2008/12/15,3.71
2008/12/16,3.72
2008/12/17,3.98
2008/12/18,3.9
2008/12/19,3.91
2008/12/23,3.91
2008/12/24,3.64
2008/12/25,3.58
2008/12/26,3.64
2008/12/29,3.5
2008/12/30,3.51
2008/12/31,3.46
2009/1/5,3.38
2009/1/6,3.43
2009/1/7,3.58
2009/1/8,3.62
2009/1/9,3.65
2009/1/12,3.76
2009/1/13,3.72
2009/1/14,3.77
2009/1/15,3.9
2009/1/16,3.95
2009/1/19,3.9
2009/1/20,3.81
2009/1/21,3.9
2009/1/22,4
2009/1/23,3.96
2009/2/2,4.01
2009/2/3,4.13
2009/2/4,4.15
2009/2/5,4.3
2009/2/6,4.18
2009/2/9,4.4
2009/2/10,4.4
2009/2/11,4.54
2009/2/12,4.62
2009/2/13,4.75
2009/2/16,5.04
2009/2/17,5.21
2009/2/18,5
2009/2/19,4.8
2009/2/20,4.9
2009/2/23,4.9
2009/2/24,5.07
2009/2/25,5.16
2009/2/26,5.23
2009/2/27,4.6
2009/3/2,4.22
2009/3/3,4.24
2009/3/4,4.4
2009/3/5,4.75
2009/3/6,4.57
2009/3/9,4.57
2009/3/10,4.28
2009/3/11,4.55
2009/3/12,4.56
2009/3/13,4.58
2009/3/16,4.46
2009/3/17,4.53
2009/3/18,4.77
2009/3/19,4.76
2009/3/20,4.88
2009/3/23,4.98
2009/3/24,4.98
2009/3/25,5
2009/3/26,4.75
2009/3/27,4.85
2009/3/30,4.96
2009/3/31,4.98
2009/4/1,5.32
2009/4/2,5.29
2009/4/3,5.19
2009/4/7,5.09
2009/4/9,4.88
2009/4/10,5.02
2009/4/13,5.2
2009/4/14,5.18
2009/4/15,5.2
2009/4/16,5.35
2009/4/17,5.34
2009/4/20,5.12
2009/4/21,5.25
2009/4/22,5.5
2009/4/23,4.96
2009/4/24,5.1
2009/4/27,4.97
2009/4/28,4.67
2009/4/29,4.89
2009/4/30,4.95
2009/5/4,4.94
2009/5/5,5.1
2009/5/6,5.15
2009/5/7,5.44
2009/5/8,5.28
2009/5/11,5.39
2009/5/12,5.05
2009/5/13,5.23
2009/5/14,5.43
2009/5/15,5.46
2009/5/18,5.7
2009/5/19,5.77
2009/5/20,5.67
2009/5/21,5.52
2009/5/22,5.42
2009/5/25,5.6
2009/5/26,6
2009/5/27,5.92
2009/6/1,5.96
2009/6/2,6.06
2009/6/3,6
2009/6/4,5.87
2009/6/5,6
2009/6/8,5.85
2009/6/9,5.72
2009/6/10,5.8
2009/6/11,5.81
2009/6/12,5.7
2009/6/15,5.52
2009/6/16,5.59
2009/6/17,5.54
2009/6/18,5.7
2009/6/19,5.69
2009/6/22,5.88
2009/6/23,5.57
2009/6/24,5.55
2009/6/25,5.58
2009/6/26,5.55
2009/6/29,5.58
2009/6/30,5.61
2009/7/1,5.78
2009/7/2,5.92
2009/7/3,5.9
2009/7/6,5.9
2009/7/7,5.83
2009/7/8,5.8
2009/7/9,5.89
2009/7/10,5.99
2009/7/13,5.96
2009/7/14,6.04
2009/7/15,6.23
2009/7/16,6.21
2009/7/17,6.21
2009/7/20,6.31
2009/7/21,6.37
2009/7/22,6.33
2009/7/23,6.37
2009/7/24,6.4
2009/7/27,6.32
2009/7/28,6.3
2009/7/29,6.42
2009/7/30,6.14
2009/7/31,6.25
2009/8/3,6.52
2009/8/4,6.64
2009/8/5,6.96
2009/8/6,6.88
2009/8/10,6.55
2009/8/11,6.6
2009/8/12,6.6
2009/8/13,6.2
2009/8/14,6.2
2009/8/17,5.85
2009/8/18,5.59
2009/8/19,5.84
2009/8/20,5.68
2009/8/21,5.92
2009/8/24,6.05
2009/8/25,6.03
2009/8/26,5.84
2009/8/27,6.12
2009/8/28,6.53
2009/8/31,6.14
2009/9/1,5.71
2009/9/2,5.86
2009/9/3,5.84
2009/9/4,6.03
2009/9/7,6.26
2009/9/8,6.2
2009/9/9,6.29
2009/9/10,6.23
2009/9/11,6.04
2009/9/14,6.23
2009/9/15,6.37
2009/9/16,6.3
2009/9/17,6.43
2009/9/18,6.52
2009/9/21,6.2
2009/9/22,6.35
2009/9/23,6.15
2009/9/24,5.95
2009/9/25,5.93
2009/9/28,5.88
2009/9/29,5.79
2009/9/30,5.87
2009/10/9,5.99
2009/10/12,6.16
2009/10/13,6.19
2009/10/14,6.35
2009/10/15,6.35
2009/10/16,6.3
2009/10/19,6.39
2009/10/20,6.47
2009/10/21,6.49
2009/10/22,6.38
2009/10/23,6.66
2009/10/26,6.6
2009/10/27,6.52
2009/10/28,6.3
2009/10/29,6.27
2009/10/30,6.42
2009/11/2,6.25
2009/11/3,6.7
2009/11/4,6.83
2009/11/5,6.84
2009/11/6,7
2009/11/10,7.02
2009/11/11,6.93
2009/11/12,6.88
2009/11/13,7.04
2009/11/16,7.14
2009/11/17,7.53
2009/11/18,7.92
2009/11/19,8.93
2009/11/20,8.97
2009/11/23,8.83
2009/11/24,8.94
2009/11/25,8.28
2009/11/26,8.53
2009/11/27,7.93
2009/11/30,8.23
2009/12/1,8.47
2009/12/2,8.95
2009/12/3,8.85
2009/12/4,8.89
2009/12/7,8.6
2009/12/8,8.65
2009/12/9,8.47
2009/12/10,8.54
2009/12/11,8.73
2009/12/14,8.6
2009/12/15,8.4
2009/12/16,8.45
2009/12/17,8.33
2009/12/18,8.08
2009/12/21,7.85
2009/12/22,7.9
2009/12/23,7.55
2009/12/24,7.7
2009/12/25,8.08
2009/12/28,8.23
2009/12/29,8.19
2009/12/30,8.28
2009/12/31,8.63
2010/1/4,8.79
2010/1/5,8.58
2010/1/6,8.57
2010/1/7,8.42
2010/1/8,8.08
2010/1/11,8.66
2010/1/12,8.28
2010/1/13,8.49
2010/1/14,8.95
2010/1/15,9.07
2010/1/18,8.95
2010/1/19,9.39
2010/1/20,9.59
2010/1/21,8.98
2010/1/22,8.98
2010/1/25,8.58
2010/1/26,8.48
2010/1/27,8.36
2010/1/28,8.31
2010/1/29,8.37
2010/2/1,8.44
2010/2/2,8.73
2010/2/3,8.53
2010/2/4,8.52
2010/2/5,8.57
2010/2/8,8.7
2010/2/9,9.03
2010/2/10,9.06
2010/2/11,9.17
2010/2/12,8.82
2010/2/22,8.7
2010/2/23,8.9
2010/2/24,9.28
2010/2/26,9.7
2010/3/1,9.75
2010/3/2,9.76
2010/3/3,10.25
2010/3/4,10.15
2010/3/5,9.55
2010/3/8,9.62
2010/3/9,9.5
2010/3/10,9.42
2010/3/11,9.37
2010/3/12,9.51
2010/3/15,9.21
2010/3/16,9.25
2010/3/17,9.29
2010/3/18,9.7
2010/3/19,9.65
2010/3/22,9.73
2010/3/23,9.67
2010/3/24,9.7
2010/3/25,9.57
2010/3/26,9.48
2010/3/29,9.67
2010/3/30,9.75
2010/3/31,9.85
2010/4/1,10.11
2010/4/2,10.14
2010/4/6,9.9
2010/4/7,10.36
2010/4/8,10.21
2010/4/9,10.1
2010/4/12,10.3
2010/4/13,10.35
2010/4/14,10.06
2010/4/16,9.96
2010/4/19,9.88
2010/4/20,9.53
2010/4/21,9.72
2010/4/22,9.9
2010/4/23,10.6
2010/4/26,10.32
2010/4/27,10.39
2010/4/28,10.14
2010/4/29,10.33
2010/4/30,9.67
2010/5/4,8.96
2010/5/5,9
2010/5/6,9.44
2010/5/7,8.9
2010/5/10,9.16
2010/5/11,9.25
2010/5/12,8.08
2010/5/13,7.86
2010/5/14,7.95
2010/5/17,7.95
2010/5/18,7.25
2010/5/19,7.56
2010/5/20,7.6
2010/5/21,7.47
2010/5/24,8.06
2010/5/25,8.27
2010/5/26,8.24
2010/5/27,8.14
2010/5/28,8.44
2010/5/31,8.22
2010/6/1,7.75
2010/6/2,7.66
2010/6/3,7.85
2010/6/4,7.7
2010/6/7,7.68
2010/6/8,7.52
2010/6/9,7.4
2010/6/10,7.59
2010/6/11,7.71
2010/6/17,7.6
2010/6/18,7.52
2010/6/21,7.27
2010/6/22,7.55
2010/6/23,7.5
2010/6/24,7.48
2010/6/25,7.56
2010/6/28,7.6
2010/6/29,7.49
2010/6/30,7.19
2010/7/1,6.88
2010/7/2,6.5
2010/7/5,6.36
2010/7/6,6.43
2010/7/7,6.61
2010/7/8,6.6
2010/7/9,6.55
2010/7/12,7.01
2010/7/13,7.1
2010/7/14,7.22
2010/7/15,7.18
2010/7/16,6.91
2010/7/19,6.88
2010/7/20,7.18
2010/7/21,7.35
2010/7/22,7.5
2010/7/23,7.52
2010/7/26,7.46
2010/7/27,7.58
2010/7/28,7.58
2010/7/29,7.84
2010/7/30,7.79
2010/8/2,7.64
2010/8/3,7.91
2010/8/4,7.81
2010/8/5,8.13
2010/8/6,8.12
2010/8/9,8.23
2010/8/10,8.38
2010/8/11,8.11
2010/8/12,8.11
2010/8/13,7.72
2010/8/16,7.86
2010/8/17,8.07
2010/8/18,8.04
2010/8/19,7.95
2010/8/20,7.99
2010/8/23,7.75
2010/8/24,7.78
2010/8/25,7.82
2010/8/26,7.83
2010/8/27,7.85
2010/8/30,7.85
2010/8/31,8.1
2010/9/1,8.27
2010/9/2,8.15
2010/9/3,8.21
2010/9/6,8.36
2010/9/7,8.31
2010/9/8,8.31
2010/9/9,8.68
2010/9/10,8.2
2010/9/13,8.5
2010/9/14,8.62
2010/9/15,8.7
2010/9/16,8.43
2010/9/17,8.04
2010/9/20,8.04
2010/9/21,8
2010/9/27,8.01
2010/9/28,8.12
2010/9/29,7.93
2010/9/30,7.99
2010/10/8,8.19
2010/10/11,8.32
2010/10/12,8.36
2010/10/13,8.51
2010/10/14,8.57
2010/10/15,8.17
2010/10/18,8.25
2010/10/19,7.98
2010/10/20,8.05
2010/10/21,8.39
2010/10/22,8.5
2010/10/25,8.42
2010/10/26,8.9
2010/10/27,8.89
2010/10/28,8.56
2010/10/29,8.61
2010/11/1,8.79
2010/11/2,8.9
2010/11/3,8.7
2010/11/4,8.61
2010/11/5,8.69
2010/11/8,9.24
2010/11/9,9.3
2010/11/10,9.56
2010/11/11,9.74
2010/11/12,9.92
2010/11/15,9.26
2010/11/16,9.98
2010/11/17,9.48
2010/11/18,8.9
2010/11/19,8.96
2010/11/22,9.26
2010/11/23,9.11
2010/11/24,8.73
2010/11/25,9.29
2010/11/26,9.41
2010/11/29,9.25
2010/11/30,9.5
2010/12/1,9.26
2010/12/2,9.52
2010/12/3,9.27
2010/12/6,9.05
2010/12/7,8.88
2010/12/8,9
2010/12/9,8.8
2010/12/10,8.74
2010/12/13,8.89
2010/12/14,9.05
2010/12/15,9.13
2010/12/16,9.07
2010/12/17,8.9
2010/12/20,9.09
2010/12/21,8.89
2010/12/22,9.05
2010/12/23,9.03
2010/12/24,8.83
2010/12/27,8.73
2010/12/28,8.45
2010/12/29,8.16
2010/12/30,8.19
2010/12/31,8.11
2011/1/4,8.3
2011/1/5,8.33
2011/1/6,8.28
2011/1/7,8.2
2011/1/10,8.23
2011/1/11,7.98
2011/1/12,7.79
2011/1/13,7.92
2011/1/14,7.82
2011/1/17,7.65
2011/1/18,7.78
2011/1/20,7.98
2011/1/21,7.72
2011/1/24,7.96
2011/1/25,7.92
2011/1/26,7.63
2011/1/27,7.8
2011/1/28,8.11
2011/1/31,8.09
2011/2/1,8.17
2011/2/9,8
2011/2/10,8.13
2011/2/11,8.38
2011/2/14,8.42
2011/2/15,8.49
2011/2/16,8.33
2011/2/17,8.58
2011/2/18,8.52
2011/2/21,8.49
2011/2/22,8.81
2011/2/23,8.56
2011/2/24,8.69
2011/2/25,9.09
2011/2/28,8.98
2011/3/1,9
2011/3/2,8.88
2011/3/3,8.96
2011/3/4,8.65
2011/3/7,8.8
2011/3/8,9.11
2011/3/9,9.07
2011/3/10,8.98
2011/3/11,8.89
2011/3/14,8.78
2011/3/15,8.97
2011/3/16,8.85
2011/3/17,8.8
2011/3/18,9.04
2011/3/21,9.29
2011/3/22,9.16
2011/3/23,8.95
2011/3/24,9
2011/3/25,9.16
2011/3/28,9.23
2011/3/29,9.11
2011/3/30,9.29
2011/3/31,9.53
2011/4/1,9.65
2011/4/6,9.65
2011/4/7,9.69
2011/4/8,9.7
2011/4/11,9.59
2011/4/12,9.28
2011/4/13,9.25
2011/4/14,9.43
2011/4/15,9.26
2011/4/18,9.1
2011/4/19,9.45
2011/4/20,9.66
2011/4/21,9.68
2011/4/22,9.95
2011/4/25,9.76
2011/4/27,9.41
2011/4/28,9.2
2011/4/29,8.56
2011/5/3,8.75
2011/5/4,8.76
2011/5/5,8.32
2011/5/6,8.23
2011/5/9,8.4
2011/5/10,8.54
2011/5/11,8.85
2011/5/13,8.8
2011/5/16,9.4
2011/5/17,9.29
2011/5/18,9.15
2011/5/19,9.29
2011/5/20,9.23
2011/5/23,9
2011/5/24,8.51
2011/5/25,8.43
2011/5/26,8.38
2011/5/27,8.32
2011/5/30,8.05
2011/5/31,7.76
2011/6/1,7.91
2011/6/2,7.84
2011/6/3,7.71
2011/6/7,7.88
2011/6/8,7.95
2011/6/9,7.94
2011/6/10,7.8
2011/6/13,7.72
2011/6/14,7.79
2011/6/15,7.9
2011/6/16,7.8
2011/6/17,7.64
2011/6/20,7.5
2011/6/21,7.26
2011/6/22,7.31
2011/6/23,7.2
2011/6/24,7.34
2011/6/27,7.56
2011/6/28,7.6
2011/6/29,7.66
2011/6/30,7.51
2011/7/1,7.76
2011/7/4,8.18
2011/7/5,8.48
2011/7/6,8.94
2011/7/7,8.72
2011/7/8,8.65
2011/7/11,8.83
2011/7/12,8.7
2011/7/13,8.5
2011/7/14,8.88
2011/7/15,8.82
2011/7/18,8.91
2011/7/19,8.87
2011/7/20,9.2
2011/7/21,9.34
2011/7/22,8.79
2011/7/25,8.71
2011/7/26,8.33
2011/7/27,8.41
2011/7/28,8.52
2011/7/29,8.66
2011/8/2,8.65
2011/8/3,8.35
2011/8/4,8.39
2011/8/5,8.18
2011/8/8,7.98
2011/8/9,7.28
2011/8/10,7.84
2011/8/11,7.57
2011/8/12,7.95
2011/8/15,8.17
2011/8/16,8.11
2011/8/17,7.96
2011/8/18,7.95
2011/8/19,7.54
2011/8/22,7.59
2011/8/23,7.6
2011/8/24,7.78
2011/8/25,7.85
2011/8/26,8.06
2011/8/29,7.89
2011/8/30,8.03
2011/8/31,7.78
2011/9/1,7.72
2011/9/2,7.65
2011/9/5,7.64
2011/9/6,7.36
2011/9/7,7.39
2011/9/8,7.61
2011/9/9,7.43
2011/9/14,7.58
2011/9/15,7.54
2011/9/16,7.59
2011/9/19,7.48
2011/9/20,7.28
2011/9/21,7.13
2011/9/22,7.24
2011/9/23,6.88
2011/9/26,6.76
2011/9/27,6.65
2011/9/28,6.67
2011/9/29,6.46
2011/9/30,6.31
2011/10/10,6.39
2011/10/11,6.47
2011/10/12,6.25
2011/10/13,6.5
2011/10/14,6.59
2011/10/17,6.58
2011/10/18,6.46
2011/10/19,6.29
2011/10/20,6.21
2011/10/21,6.05
2011/10/24,5.95
2011/10/25,6.07
2011/10/26,6.38
2011/10/27,6.41
2011/10/28,6.56
2011/10/31,6.69
2011/11/1,6.68
2011/11/2,6.86
2011/11/3,7
2011/11/4,6.99
2011/11/7,7.01
2011/11/8,6.87
2011/11/9,6.87
2011/11/10,6.86
2011/11/11,6.9
2011/11/14,6.86
2011/11/15,7.08
2011/11/16,7.08
2011/11/17,6.89
2011/11/18,6.81
2011/11/21,6.67
2011/11/22,6.67
2011/11/23,6.85
2011/11/24,6.75
2011/11/25,6.72
2011/11/28,6.62
2011/11/29,6.72
2011/11/30,6.74
2011/12/1,6.71
2011/12/2,6.6
2011/12/5,6.48
2011/12/6,6.37
2011/12/7,6.28
2011/12/8,6.25
2011/12/9,6.2
2011/12/12,6.36
2011/12/14,6.05
2011/12/15,5.88
2011/12/16,5.85
2011/12/19,6.05
2011/12/20,6.07
2011/12/21,6.21
2011/12/22,5.88
2011/12/23,5.86
2011/12/26,5.91
2011/12/27,5.9
2011/12/28,5.86
2011/12/29,5.93
2011/12/30,6.03
2012/1/4,6.12
2012/1/5,5.88
2012/1/6,5.7
2012/1/9,5.77
2012/1/10,5.95
2012/1/11,6.15
2012/1/12,6.19
2012/1/13,6.13
2012/1/16,5.9
2012/1/17,5.84
2012/1/18,6.11
2012/1/19,5.98
2012/1/20,6
2012/1/30,6.16
2012/1/31,6.25
2012/2/1,6.28
2012/2/2,6.2
2012/2/3,6.25
2012/2/6,6.31
2012/2/7,6.19
2012/2/8,6.15
2012/2/9,6.28
2012/2/10,6.33
2012/2/13,6.32
2012/2/14,6.4
2012/2/15,6.32
2012/2/16,6.46
2012/2/17,6.41
2012/2/20,6.5
2012/2/21,6.39
2012/2/22,6.55
2012/2/23,6.63
2012/2/24,6.71
2012/2/27,6.74
2012/2/28,6.85
2012/2/29,6.73
2012/3/1,6.6
2012/3/2,6.67
2012/3/5,6.82
2012/3/6,6.72
2012/3/7,6.55
2012/3/8,6.55
2012/3/9,6.69
2012/3/12,6.73
2012/3/13,6.82
2012/3/14,6.85
2012/3/15,6.5
2012/3/16,6.36
2012/3/19,6.47
2012/3/20,6.7
2012/3/22,6.53
2012/3/23,6.41
2012/3/26,6.4
2012/3/27,6.45
2012/3/28,6.33
2012/3/29,6.1
2012/3/30,6.13
2012/4/5,6.02
2012/4/6,6.2
2012/4/9,6.29
2012/4/11,6.2
2012/4/12,6.22
2012/4/13,6.35
2012/4/16,6.28
2012/4/17,6.33
2012/4/18,6.22
2012/4/19,6.33
2012/4/20,6.29
2012/4/23,6.45
2012/4/24,6.45
2012/4/25,6.3
2012/4/26,6.37
2012/4/27,6.39
2012/5/2,6.34
2012/5/3,6.29
2012/5/4,6.32
2012/5/7,6.27
2012/5/8,6.23
2012/5/9,6.17
2012/5/10,6.08
2012/5/11,6.07
2012/5/14,6.11
2012/5/15,6.05
2012/5/16,6.08
2012/5/17,6
2012/5/18,5.98
2012/5/21,5.82
2012/5/22,5.86
2012/5/23,5.91
2012/5/24,5.83
2012/5/25,5.78
2012/5/28,5.65
2012/5/29,5.73
2012/5/30,5.8
2012/5/31,5.8
2012/6/1,5.81
2012/6/4,5.72
2012/6/5,5.58
2012/6/6,5.6
2012/6/7,5.55
2012/6/8,5.5
2012/6/11,5.46
2012/6/12,5.49
2012/6/13,5.54
2012/6/14,5.6
2012/6/15,5.61
2012/6/18,5.6
2012/6/19,5.59
2012/6/20,5.5
2012/6/21,5.49
2012/6/25,5.32
2012/6/26,5.06
2012/6/27,4.95
2012/6/28,4.88
2012/6/29,4.79
2012/7/2,4.88
2012/7/3,4.84
2012/7/4,4.76
2012/7/5,4.71
2012/7/6,4.63
2012/7/9,4.62
2012/7/10,4.55
2012/7/11,4.52
2012/7/12,4.58
2012/7/13,4.63
2012/7/16,4.74
2012/7/17,4.62
2012/7/18,4.65
2012/7/19,4.69
2012/7/20,4.68
2012/7/23,4.61
2012/7/24,4.51
2012/7/25,4.53
2012/7/26,4.55
2012/7/27,4.56
2012/7/30,4.5
2012/7/31,4.37
2012/8/1,4.25
2012/8/2,4.34
2012/8/3,4.3
2012/8/6,4.37
2012/8/7,4.47
2012/8/8,4.51
2012/8/9,4.51
2012/8/10,4.54
2012/8/13,4.56
2012/8/14,4.43
2012/8/15,4.45
2012/8/16,4.42
2012/8/17,4.36
2012/8/20,4.34
2012/8/21,4.35
2012/8/22,4.4
2012/8/23,4.41
2012/8/24,4.45
2012/8/27,4.31
2012/8/28,4.21
2012/8/29,4.26
2012/8/30,4.19
2012/8/31,4.12
2012/9/3,4.13
2012/9/4,4.19
2012/9/5,4.13
2012/9/6,4.15
2012/9/7,4.23
2012/9/10,4.34
2012/9/11,4.38
2012/9/12,4.4
2012/9/13,4.41
2012/9/14,4.37
2012/9/17,4.39
2012/9/18,4.31
2012/9/19,4.2
2012/9/20,4.23
2012/9/21,4.13
2012/9/24,4.08
2012/9/25,4.07
2012/9/26,4.02
2012/9/27,3.85
2012/9/28,3.96
2012/10/8,4.05
2012/10/9,4.03
2012/10/10,4.13
2012/10/11,4.18
2012/10/12,4.11
2012/10/15,4.1
2012/10/16,4.05
2012/10/17,4.06
2012/10/18,4.05
2012/10/19,4.11
2012/10/22,4.12
2012/10/23,4.17
2012/10/24,4.12
2012/10/25,4.2
2012/10/26,4.19
2012/10/29,4.01
2012/10/30,4
2012/10/31,4
2012/11/1,3.99
2012/11/2,4.08
2012/11/5,4.14
2012/11/6,4.12
2012/11/7,4.06
2012/11/8,4.01
2012/11/9,3.93
2012/11/12,3.97
2012/11/13,4
2012/11/14,3.93
2012/11/15,3.92
2012/11/16,3.83
2012/11/19,3.83
2012/11/20,3.81
2012/11/21,3.81
2012/11/22,3.95
2012/11/23,4.2
2012/11/26,4.25
2012/11/27,4.15
2012/11/28,4.16
2012/11/29,4.3
2012/11/30,4.26
2012/12/3,4.25
2012/12/4,4.14
2012/12/5,3.87
2012/12/6,4.02
2012/12/7,4.2
2012/12/10,4.68
2012/12/11,4.66
2012/12/12,4.6
2012/12/13,4.71
2012/12/14,4.54
2012/12/17,4.76
2012/12/18,4.76
2012/12/19,4.85
2012/12/20,4.79
2012/12/21,4.78
2012/12/24,4.68
2012/12/25,4.65
2012/12/26,4.83
2012/12/27,4.9
2012/12/28,4.77
2012/12/31,4.79
2013/1/4,4.85
2013/1/7,5.08
2013/1/8,5.06
2013/1/9,5.05
2013/1/10,5.02
2013/1/11,4.98
2013/1/14,4.7
2013/1/15,4.87
2013/1/16,4.96
2013/1/17,4.87
2013/1/18,4.8
2013/1/21,4.89
2013/1/22,4.98
2013/1/23,4.9
2013/1/24,4.85
2013/1/25,4.74
2013/1/28,4.64
2013/1/29,4.76
2013/1/30,4.8
2013/1/31,4.8
2013/2/1,4.74
2013/2/4,4.88
2013/2/5,4.9
2013/2/6,4.89
2013/2/7,4.89
2013/2/8,4.91
2013/2/18,4.95
2013/2/19,4.99
2013/2/20,4.92
2013/2/21,4.94
2013/2/22,4.82
2013/2/25,4.78
2013/2/26,4.81
2013/2/27,4.62
2013/2/28,4.64
2013/3/1,4.67
2013/3/4,4.74
2013/3/5,4.55
2013/3/6,4.73
2013/3/7,4.78
2013/3/8,4.75
2013/3/11,4.7
2013/3/12,4.72
2013/3/13,4.59
2013/3/14,4.53
2013/3/15,4.6
2013/3/18,4.5
2013/3/19,4.4
2013/3/20,4.35
2013/3/21,4.46
2013/3/22,4.47
2013/3/25,4.48
2013/3/26,4.46
2013/3/27,4.41
2013/3/28,4.59
2013/3/29,4.6
2013/4/1,4.58
2013/4/2,4.58
2013/4/3,4.56
2013/4/8,4.46
2013/4/9,4.43
2013/4/10,4.43
2013/4/11,4.42
2013/4/12,4.35
2013/4/15,4.21
2013/4/16,4.14
2013/4/17,4.21
2013/4/18,4.17
2013/4/19,4.22
2013/4/22,4.29
2013/4/23,4.27
2013/4/24,4.14
2013/4/25,4.32
2013/4/26,4.18
2013/5/2,4.11
2013/5/3,4.09
2013/5/6,4.09
2013/5/7,4.18
2013/5/8,4.18
2013/5/9,4.2
2013/5/10,4.34
2013/5/13,4.31
2013/5/14,4.28
2013/5/15,4.19
2013/5/16,4.22
2013/5/17,4.26
2013/5/20,4.32
2013/5/21,4.37
2013/5/22,4.41
2013/5/23,4.38
2013/5/24,4.31
2013/5/27,4.35
2013/5/28,4.45
2013/5/29,4.95
2013/5/30,4.94
2013/5/31,4.83
2013/6/3,4.9
2013/6/4,4.82
2013/6/5,4.89
2013/6/6,4.8
2013/6/7,4.83
2013/6/13,4.5
2013/6/14,4.62
2013/6/17,4.51
2013/6/18,4.52
2013/6/19,4.49
2013/6/20,4.45
2013/6/21,4.3
2013/6/24,4.24
2013/6/25,3.99
2013/6/26,3.96
2013/6/27,3.97
2013/6/28,3.94
2013/7/1,3.92
2013/7/2,3.95
2013/7/3,4.02
2013/7/4,4.02
2013/7/5,4.06
2013/7/8,3.95
2013/7/9,3.85
2013/7/10,3.86
2013/7/11,3.95
2013/7/12,4.07
2013/7/15,3.99
2013/7/16,4.03
2013/7/17,4.1
2013/7/18,4
2013/7/19,4.02
2013/7/22,3.88
2013/7/23,3.92
2013/7/24,3.99
2013/7/25,3.99
2013/7/26,3.94
2013/7/29,3.9
2013/7/30,3.78
2013/7/31,3.79
2013/8/1,3.81
2013/8/2,3.89
2013/8/5,3.86
2013/8/6,3.91
2013/8/7,3.91
2013/8/8,3.92
2013/8/9,3.96
2013/8/12,3.99
2013/8/13,4.06
2013/8/14,4.09
2013/8/15,4.05
2013/8/16,4
2013/8/19,3.91
2013/8/20,3.93
2013/8/21,3.88
2013/8/22,3.91
2013/8/23,3.96
2013/8/26,3.93
2013/8/27,3.99
2013/8/28,4.01
2013/8/29,4.06
2013/8/30,4.08
2013/9/2,4.06
2013/9/3,4.11
2013/9/4,4.13
2013/9/5,4.12
2013/9/6,4.12
2013/9/9,4.1
2013/9/10,4.14
2013/9/11,4.28
2013/9/12,4.34
2013/9/13,4.31
2013/9/16,4.27
2013/9/17,4.3
2013/9/18,4.17
2013/9/23,4.21
2013/9/24,4.23
2013/9/25,4.18
2013/9/26,4.16
2013/9/27,4.06
2013/9/30,4.08
2013/10/8,4.1
2013/10/9,4.12
2013/10/10,4.19
2013/10/11,4.24
2013/10/14,4.22
2013/10/15,4.3
2013/10/16,4.27
2013/10/17,4.16
2013/10/18,4.15
2013/10/21,4.19
2013/10/22,4.28
2013/10/23,4.31
2013/10/24,4.14
2013/10/25,4.11
2013/10/28,4.07
2013/10/29,4.07
2013/10/30,3.95
2013/10/31,3.99
2013/11/1,4.01
2013/11/4,4.01
2013/11/5,4.03
2013/11/6,4.05
2013/11/7,4.01
2013/11/8,3.95
2013/11/11,3.86
2013/11/12,3.96
2013/11/13,4.01
2013/11/14,3.93
2013/11/15,4
2013/11/18,4.03
2013/11/19,4.11
2013/11/20,4.1
2013/11/21,4.11
2013/11/22,4.24
2013/11/25,4.24
2013/11/26,4.2
2013/11/27,4.18
2013/11/28,4.21
2013/11/29,4.28
2013/12/2,4.18
2013/12/3,4.06
2013/12/4,4.12
2013/12/5,4.18
2013/12/6,4.2
2013/12/9,4.26
2013/12/10,4.3
2013/12/11,4.28
2013/12/12,4.2
2013/12/13,4.18
2013/12/16,4.2
2013/12/17,4.3
2013/12/18,4.18
2013/12/19,4.17
2013/12/20,4.07
2013/12/23,4.13
2013/12/24,4.1
2013/12/25,4.09
2013/12/26,4.08
2013/12/27,4.01
2013/12/30,4.06
2013/12/31,4.3
2014/1/2,4.24
2014/1/3,4.26
2014/1/6,4.28
2014/1/7,4.13
2014/1/8,4.08
2014/1/9,4.06
2014/1/10,4.01
2014/1/13,3.92
2014/1/14,3.88
2014/1/15,3.95
2014/1/16,4
2014/1/17,4
2014/1/20,3.93
2014/1/21,3.91
2014/1/22,3.96
2014/1/23,3.99
2014/1/24,4.02
2014/1/27,4.02
2014/1/28,3.87
2014/1/29,3.87
2014/1/30,3.85
2014/2/7,3.75
2014/2/10,3.82
2014/2/11,3.9
2014/2/12,3.9
2014/2/13,3.97
2014/2/14,3.92
2014/2/17,3.97
2014/2/18,3.96
2014/2/19,3.93
2014/2/20,3.96
2014/2/21,3.96
2014/2/24,3.87
2014/2/25,3.94
2014/2/26,3.82
2014/2/27,3.8
2014/2/28,3.77
2014/3/3,3.76
2014/3/4,3.84
2014/3/5,3.85
2014/3/6,3.84
2014/3/7,3.92
2014/3/10,3.84
2014/3/11,3.72
2014/3/12,3.78
2014/3/13,3.76
2014/3/14,3.76
2014/3/17,3.72
2014/3/18,3.77
2014/3/19,3.77
2014/3/20,3.85
2014/3/21,3.72
2014/3/24,3.81
2014/3/25,3.85
2014/3/26,3.84
2014/3/27,3.82
2014/3/28,3.82
2014/3/31,3.84
2014/4/1,4.14
2014/4/2,4.21
2014/4/3,4.1
2014/4/4,4.08
2014/4/8,4.17
2014/4/9,4.13
2014/4/10,4.13
2014/4/11,4.11
2014/4/14,4.07
2014/4/15,4
2014/4/16,3.94
2014/4/17,3.95
2014/4/18,3.95
2014/4/21,3.89
2014/4/22,3.85
2014/4/23,3.86
2014/4/24,3.86
2014/4/25,3.81
2014/4/28,3.76
2014/4/29,3.68
2014/4/30,3.73
2014/5/5,3.73
2014/5/6,3.72
2014/5/7,3.73
2014/5/8,3.71
2014/5/9,3.72
2014/5/12,3.78
2014/5/13,3.84
2014/5/14,3.82
2014/5/15,3.79
2014/5/16,3.78
2014/5/19,3.77
2014/5/20,3.73
2014/5/21,3.71
2014/5/22,3.75
2014/5/23,3.72
2014/5/26,3.75
2014/5/27,3.76
2014/5/28,3.74
2014/5/29,3.76
2014/5/30,3.76
2014/6/3,3.73
2014/6/4,3.7
2014/6/5,3.72
2014/6/6,3.72
2014/6/9,3.71
2014/6/10,3.72
2014/6/11,3.73
2014/6/12,3.74
2014/6/13,3.76
2014/6/16,3.78
2014/6/17,3.77
2014/6/18,3.75
2014/6/19,3.74
2014/6/20,3.63
2014/6/23,3.64
2014/6/24,3.64
2014/6/25,3.66
2014/6/26,3.64
2014/6/27,3.66
2014/6/30,3.7
2014/7/1,3.8
2014/7/2,3.77
2014/7/3,3.79
2014/7/4,3.8
2014/7/7,3.88
2014/7/8,3.83
2014/7/9,3.83
2014/7/10,3.88
2014/7/11,3.97
2014/7/14,4.08
2014/7/15,4.22
2014/7/16,4.85
2014/7/17,5.13
2014/7/18,4.51
2014/7/21,4.78
2014/7/22,4.9
2014/7/23,4.83
2014/7/24,4.82
2014/7/25,4.8
2014/7/28,4.73
2014/7/29,4.79
2014/7/30,4.89
2014/7/31,4.86
2014/8/1,5
2014/8/4,4.88
2014/8/5,5.02
2014/8/6,4.98
2014/8/7,4.94
2014/8/8,4.86
2014/8/11,4.83
2014/8/12,4.83
2014/8/13,4.83
2014/8/14,4.73
2014/8/15,4.76
2014/8/18,4.8
2014/8/19,4.84
2014/8/20,4.86
2014/8/21,5.05
2014/8/22,4.94
2014/8/25,4.91
2014/8/26,4.81
2014/8/27,4.69
2014/8/28,4.72
2014/8/29,4.64
2014/9/1,4.68
2014/9/2,4.78
2014/9/3,4.86
2014/9/4,4.88
2014/9/5,5.35
2014/9/9,5.22
2014/9/10,5.38
2014/9/11,5.33
2014/9/12,5.24
2014/9/15,5.3
2014/9/16,5.5
2014/9/17,5.28
2014/9/18,5.45
2014/9/19,5.7
2014/9/22,5.79
2014/9/23,5.69
2014/9/24,5.75
2014/9/25,5.8
2014/9/26,5.67
2014/9/29,5.75
2014/9/30,5.77
2014/10/8,5.78
2014/10/9,5.81
2014/10/10,5.8
2014/10/13,5.9
2014/10/14,6.07
2014/10/15,5.96
2014/10/16,5.81
2014/10/17,5.6
2014/10/20,5.57
2014/10/21,5.6
2014/10/22,5.54
2014/10/23,5.54
2014/10/24,5.4
2014/10/27,5.34
2014/10/28,5.42
2014/10/29,5.58
2014/10/30,5.63
2014/10/31,5.66
2014/11/3,5.64
2014/11/4,5.74
2014/11/5,5.81
2014/11/6,5.71
2014/11/7,5.73
2014/11/10,5.78
2014/11/11,5.84
2014/11/12,5.6
2014/11/13,5.94
2014/11/14,5.76
2014/11/17,5.67
2014/11/18,5.71
2014/11/19,5.67
2014/11/20,5.63
2014/11/21,5.6
2014/11/24,5.72
2014/11/25,5.76
2014/11/26,5.86
2014/11/27,5.89
2014/11/28,6.48
2014/12/1,6.68
2014/12/2,6.85
2014/12/3,6.86
2014/12/4,6.86
2014/12/5,7.18
2014/12/8,6.86
2014/12/9,7.12
2014/12/10,7.13
2014/12/11,7.6
2014/12/12,8.15
2014/12/15,7.6
2014/12/16,7.58
2014/12/17,7.58
2014/12/18,7.32
2014/12/19,7.55
2014/12/22,7.6
2014/12/23,7.6
2014/12/24,7.2
2014/12/25,7.2
2014/12/26,7.33
2014/12/29,7.65
2014/12/30,7.63
2014/12/31,7.48
2015/1/5,8.02
2015/1/6,8.17
2015/1/7,7.9
2015/1/8,7.98
2015/1/9,7.88
2015/1/12,7.6
2015/1/13,7.22
2015/1/14,7.28
2015/1/15,7.33
2015/1/16,7.46
2015/1/19,7.25
2015/1/20,6.98
2015/1/21,7.18
2015/1/22,7.36
2015/1/23,7.42
2015/1/26,7.55
2015/1/27,7.81
2015/1/28,7.69
2015/1/29,7.7
2015/1/30,7.76
2015/2/2,7.5
2015/2/3,7.55
2015/2/4,7.58
2015/2/5,7.77
2015/2/6,7.71
2015/2/9,8.45
2015/2/10,7.95
2015/2/11,7.91
2015/2/12,8.18
2015/2/13,8.23
2015/2/16,8.12
2015/2/17,8.1
2015/2/25,8.3
2015/2/26,8.55
2015/2/27,8.68
2015/3/2,9.01
2015/3/3,9
2015/3/4,8.55
2015/3/5,8.83
2015/3/6,8.9
2015/3/9,8.6
2015/3/10,8.58
2015/3/11,8.57
2015/3/12,8.45
2015/3/13,8.55
2015/3/16,8.8
2015/3/17,8.76
2015/3/18,8.98
2015/3/19,8.95
2015/3/20,8.9
2015/3/23,9.01
2015/3/24,9
2015/3/25,9.1
2015/3/26,9.65
2015/3/27,10.04
2015/3/30,10.03
2015/3/31,10.15
2015/4/1,9.83
2015/4/2,9.86
2015/4/3,9.92
2015/4/7,10.44
2015/4/8,10.26
2015/4/9,10.05
2015/4/10,11.39
2015/4/13,12.15
2015/4/14,11.65
2015/4/15,11.6
2015/4/16,12.09
2015/4/17,14
2015/4/20,13.5
2015/4/21,12.9
2015/4/22,13.54
2015/4/23,14.45
2015/4/24,14.15
2015/4/27,14.5
2015/4/28,14.59
2015/4/29,16.4
2015/4/30,15.61
2015/5/4,15.4
2015/5/5,15.14
2015/5/6,13.78
2015/5/7,12.95
2015/5/8,13.14
2015/5/11,12.97
2015/5/12,13.47
2015/5/13,15
2015/5/14,14.45
2015/5/15,14.81
2015/5/18,13.6
2015/5/19,15.19
2015/5/20,14.97
2015/5/21,15.17
2015/5/22,17.09
2015/5/25,18.2
2015/5/26,19.3
2015/5/27,18.99
2015/5/28,18.5
2015/5/29,16.65
2015/6/1,17.97
2015/6/2,18.36
2015/6/3,18.82
2015/6/4,20
2015/6/5,20.38
2015/6/8,22
2015/6/9,21.23
2015/6/10,20
2015/6/11,20.25
2015/6/12,20.57
2015/6/15,21.56
2015/6/16,20.05
2015/6/17,19.95
2015/6/18,22.55
2015/6/19,19.4
2015/6/23,19.06
2015/6/24,21.1
2015/6/25,23.19
2015/6/26,21.4
2015/6/29,21.14
2015/6/30,19.4
2015/7/1,18
2015/7/2,16.02
2015/7/3,13.74
2015/7/6,14.85
2015/7/7,11.89
2015/7/8,10.55
2015/7/9,10
2015/7/10,12.24
2015/7/13,13.45
2015/7/14,14.4
2015/7/15,13.35
2015/7/16,12.58
2015/7/17,13.23
2015/7/20,14.6
2015/7/21,15.27
2015/7/22,15.01
2015/7/23,17.6
2015/7/24,19.5
2015/7/27,18.25
2015/7/28,17.8
2015/7/29,21
2015/7/30,20.35
2015/7/31,19.8
2015/8/3,17.2
2015/8/4,16.05
2015/8/5,18.8
2015/8/6,18.3
2015/8/7,18.93
2015/8/10,19.65
2015/8/11,21.22
2015/8/12,20.88
2015/8/13,22.5
2015/8/14,24.4
2015/8/17,25.99
2015/8/18,27.18
2015/8/19,22.68
2015/8/20,23.38
2015/8/21,21.01
2015/8/24,20.16
2015/8/25,17.33
2015/8/26,17
2015/8/27,17.8
2015/8/28,18.54
2015/8/31,20.23
2015/9/1,17.49
2015/9/2,14.78
2015/9/7,15.16
2015/9/8,13.11
2015/9/9,13.3
2015/9/10,13.84
2015/9/11,14.3
2015/9/14,15.19
2015/9/15,12.2
2015/9/16,11.81
2015/9/17,12.99
2015/9/18,12.17
2015/9/21,12.39
2015/9/22,13.6
2015/9/23,13.05
2015/9/24,13.78
2015/9/25,13.99
2015/9/28,12.94
2015/9/29,12.8
2015/9/30,12.55
2015/10/8,12.95
2015/10/9,13.22
2015/10/12,13.22
2015/10/13,13.7
2015/10/14,13.97
2015/10/15,13.35
2015/10/16,15.39
2015/10/19,16.5
2015/10/20,16.85
2015/10/21,16.9
2015/10/22,15.15
2015/10/23,17.15
2015/10/26,17.17
2015/10/27,16.5
2015/10/28,16.99
2015/10/29,16.59
2015/10/30,16.4
2015/11/2,15.57
2015/11/3,16.02
2015/11/4,15.75
2015/11/5,16.6
2015/11/6,17.05
2015/11/9,17.05
2015/11/10,19.09
2015/11/11,18.52
2015/11/12,18.79
2015/11/13,18.7
2015/11/16,17.64
2015/11/17,18.59
2015/11/18,18.03
2015/11/19,17.36
2015/11/20,17.85
2015/11/23,17.76
2015/11/24,17.6
2015/11/25,17.8
2015/11/26,18.13
2015/11/27,17.7
2015/11/30,16.17
2015/12/1,15.76
2015/12/2,15.75
2015/12/3,15.9
2015/12/4,16.06
2015/12/7,16.03
2015/12/8,15.7
2015/12/9,15.18
2015/12/10,14.86
2015/12/11,14.61
2015/12/14,14.18
2015/12/15,16
2015/12/16,15.4
2015/12/17,15.49
2015/12/18,15.64
2015/12/21,16
2015/12/22,16
2015/12/23,15.9
2015/12/24,15.49
2015/12/25,15.19
2015/12/28,15.29
2015/12/29,14.85
2015/12/30,15.2
2015/12/31,15.16
2016/1/4,14.8
2016/1/5,12.51
2016/1/6,13.2
2016/1/7,13.1
2016/1/8,12.29
2016/1/11,11.7
2016/1/12,10.97
2016/1/13,11.23
2016/1/14,10.07
2016/1/15,10.69
2016/1/18,9.8
2016/1/19,11.06
2016/1/20,12.2
2016/1/21,12
2016/1/22,12.15
2016/1/25,12.6
2016/1/26,12.55
2016/1/27,11.75
2016/1/28,12
2016/1/29,11.11
2016/2/1,11.4
2016/2/2,11.03
2016/2/3,11.19
2016/2/4,11.51
2016/2/5,11.75
2016/2/15,10.7
2016/2/16,11.25
2016/2/17,11.68
2016/2/18,13.11
2016/2/19,13.2
2016/2/22,13.53
2016/2/23,13.4
2016/2/24,13.61
2016/2/25,14
2016/2/26,12.75
2016/2/29,12.5
2016/3/1,11.87
2016/3/2,12.26
2016/3/3,12.98
2016/3/4,12.6
2016/3/7,12.3
2016/3/8,12.4
2016/3/9,12
2016/3/10,12.01
2016/3/11,11.7
2016/3/14,12.03
2016/3/15,12.2
2016/3/16,12.48
2016/3/17,12.08
2016/3/18,12.37
2016/3/21,13.08
2016/3/22,13.3
2016/3/23,13.29
2016/3/24,13.18
2016/3/25,12.95
2016/3/28,13.24
2016/3/29,12.85
2016/3/30,12.53
2016/3/31,13
2016/4/1,12.81
2016/4/5,13.16
2016/4/6,13.4
2016/4/7,13.38
2016/4/8,12.8
2016/4/11,13.1
2016/4/12,13.18
2016/4/13,13
2016/4/14,13.13
2016/4/15,13.07
2016/4/18,12.98
2016/4/19,13.01
2016/4/20,12.99
2016/4/21,12.02
2016/4/22,11.71
2016/4/25,11.7
2016/4/26,11.58
2016/4/27,11.71
2016/4/28,11.79
2016/4/29,11.5
2016/5/3,11.67
2016/5/4,11.71
2016/5/5,11.89
2016/5/6,11.95
2016/5/9,11.31
2016/5/10,10.68
2016/5/11,10.93
2016/5/12,10.6
2016/5/13,10.7
2016/5/16,10.56
2016/5/17,10.68
2016/5/18,10.73
2016/5/19,10.39
2016/5/20,10.12
2016/5/23,10.51
2016/5/24,10.62
2016/5/25,10.57
2016/5/26,10.46
2016/5/27,10.44
2016/5/30,10.37
2016/5/31,10.45
2016/6/1,10.82
2016/6/2,11.06
2016/6/3,11.37
2016/6/6,11.22
2016/6/7,11.15
2016/6/8,11.09
2016/6/13,10.89
2016/6/14,10.67
2016/6/15,10.85
2016/6/16,11.1
2016/6/17,11.08
2016/6/20,11
2016/6/21,11.07
2016/6/22,10.86
2016/6/23,10.93
2016/6/24,10.83
2016/6/27,10.35
2016/6/28,10.75
2016/6/29,10.96
2016/6/30,11.07
2016/7/1,11.08
2016/7/4,11.2
2016/7/5,11.96
2016/7/6,11.31
2016/7/7,11.49
2016/7/8,11.45
2016/7/11,11.53
2016/7/12,11.38
2016/7/13,11.56
2016/7/14,11.55
2016/7/15,12.39
2016/7/18,11.7
2016/7/19,13.08
2016/7/20,13.08
2016/7/21,13
2016/7/22,12.78
2016/7/25,12.65
2016/7/26,12.61
2016/7/27,13.12
2016/7/28,13.05
2016/7/29,13.31
2016/8/1,12.13
2016/8/2,12.7
2016/8/3,12.89
2016/8/4,13.05
2016/8/5,13.28
2016/8/8,13.05
2016/8/9,13.47
2016/8/10,13.5
2016/8/11,13.11
2016/8/12,12.9
2016/8/15,12.97
2016/8/16,13
2016/8/17,13.2
2016/8/18,13.42
2016/8/19,13.3
2016/8/22,12.99
2016/8/23,12.86
2016/8/24,12.6
2016/8/25,12.44
2016/8/26,12.57
2016/8/29,12.56
2016/8/30,12.45
2016/8/31,12.39
2016/9/1,12.41
2016/9/5,12.35
2016/9/6,12.21
2016/9/7,12.31
2016/9/8,12.31
2016/9/9,12.43
2016/9/12,12
2016/9/13,11.67
2016/9/14,11.49
2016/9/19,11.43
2016/9/20,11.57
2016/9/21,11.53
2016/9/22,11.5
2016/9/23,11.52
2016/9/26,11.5
2016/9/27,11.18
2016/9/28,11.31
2016/9/29,11.18
2016/9/30,11.11
2016/10/10,11.22
2016/10/11,11.44
2016/10/12,11.64
2016/10/13,11.52
2016/10/14,11.47
2016/10/17,11.79
2016/10/18,11.7
2016/10/19,11.97
2016/10/20,11.82
2016/10/21,11.84
2016/10/24,11.71
2016/10/25,11.76
2016/10/26,11.85
2016/10/27,11.72
2016/10/28,11.7
2016/10/31,11.42
2016/11/1,11.39
2016/11/2,11.43
2016/11/3,11.27
2016/11/4,11.39
2016/11/7,11.34
2016/11/8,11.34
2016/11/9,11.44
2016/11/10,11.32
2016/11/11,11.37
2016/11/14,11.6
2016/11/15,11.66
2016/11/16,11.8
2016/11/17,11.7
2016/11/18,11.72
2016/11/21,11.72
2016/11/22,11.7
2016/11/23,11.76
2016/11/24,11.74
2016/11/25,11.77
2016/11/28,11.99
2016/11/29,11.86
2016/11/30,11.68
2016/12/1,11.78
2016/12/2,12.03
2016/12/5,11.5
2016/12/6,11.56
2016/12/7,11.46
2016/12/8,11.58
2016/12/9,11.91
2016/12/12,11.9
2016/12/13,11.9
2016/12/14,13.2
2016/12/15,13.71
2016/12/16,13.62
2016/12/19,13.45
2016/12/20,13.69
2016/12/21,13.75
2016/12/22,13.69
2016/12/23,13.65
2016/12/26,14.09
2016/12/27,14.4
2016/12/28,14.17
2016/12/29,14.01
2016/12/30,14.03
2017/1/3,13.45
2017/1/4,13.72
2017/1/5,13.91
2017/1/6,14.45
2017/1/9,14.62
2017/1/10,14.55
2017/1/11,13.86
2017/1/12,13.73
2017/1/13,13.75
2017/1/16,13
2017/1/17,12.7
2017/1/18,13.18
2017/1/19,13.08
2017/1/20,12.97
2017/1/23,13.2
2017/1/24,13.24
2017/1/25,13.22
2017/1/26,13.1
2017/2/3,13.12
2017/2/6,13.55
2017/2/7,13.41
2017/2/8,13.85
2017/2/9,13.91
2017/2/10,13.95
2017/2/13,13.81
2017/2/14,13.84
2017/2/15,13.69
2017/2/16,13.79
2017/2/17,13.91
2017/2/20,13.4
2017/2/21,13.99
2017/2/22,13.61
2017/2/23,14.4
2017/2/24,14.3
2017/2/27,14.48
2017/2/28,14.17
2017/3/1,14.25
2017/3/2,14.34
2017/3/3,14.31
2017/3/6,14.18
2017/3/7,14.05
2017/3/8,13.93
2017/3/9,13.99
2017/3/10,13.68
2017/3/13,13.22
2017/3/14,13.36
2017/3/15,13.25
2017/3/16,13.15
2017/3/17,13.33
2017/3/20,13.03
2017/3/21,13.19
2017/3/22,13.14
2017/3/23,12.88
2017/3/24,12.89
2017/3/27,13.28
2017/3/28,13.2
2017/3/29,13.28
2017/3/30,13.05
2017/3/31,13
2017/4/5,13.08
2017/4/6,13.35
2017/4/7,13.3
2017/4/10,13.35
2017/4/11,13
2017/4/12,13.44
2017/4/13,13.28
2017/4/14,13.26
2017/4/17,13.2
2017/4/18,13.55
2017/4/19,13.25
2017/4/20,12.31
2017/4/21,12.3
2017/4/24,12.2
2017/4/25,11.82
2017/4/26,11.73
2017/4/27,11.74
2017/4/28,11.43
2017/5/2,11.6
2017/5/3,11.69
2017/5/4,11.67
2017/5/5,11.58
2017/5/8,11.32
2017/5/9,11.03
2017/5/10,11.06
2017/5/11,10.85
2017/5/12,10.94
2017/5/15,11.02
2017/5/16,10.86
2017/5/17,11.05
2017/5/18,11.02
2017/5/19,10.82
2017/5/22,10.81
2017/5/23,10.61
2017/5/24,10.01
2017/5/25,10.07
2017/5/26,10.11
2017/5/31,10.32
2017/6/1,10.05
2017/6/2,9.85
2017/6/5,10
2017/6/6,10.19
2017/6/7,10.3
2017/6/8,10.44
2017/6/9,10.45
2017/6/12,10.47
2017/6/13,10.26
2017/6/14,10.4
2017/6/15,10.63
2017/6/16,10.72
2017/6/19,10.66
2017/6/20,10.76
2017/6/21,10.78
2017/6/22,10.73
2017/6/23,10.66
2017/6/26,10.55
2017/6/27,10.95
2017/6/28,10.74
2017/6/29,10.65
2017/6/30,10.63
2017/7/3,10.78
2017/7/4,10.96
2017/7/5,10.88
2017/7/6,10.95
2017/7/7,11.05
2017/7/10,11.08
2017/7/11,11.12
2017/7/12,11.08
2017/7/13,11.05
2017/7/14,11.56
2017/7/17,11.03
2017/7/18,10.4
2017/7/19,10.48
2017/7/20,10.94
2017/7/21,11.03
2017/7/24,11.39
2017/7/25,11.41
2017/7/26,11.6
2017/7/27,11.53
2017/7/28,11.37
2017/7/31,11.36
2017/8/1,11.53
2017/8/2,11.38
2017/8/3,11.12
2017/8/4,11.19
2017/8/7,11.2
2017/8/8,11.38
2017/8/9,11.6
2017/8/10,11.51
2017/8/11,11.15
2017/8/14,10.95
2017/8/15,11.18
2017/8/16,11.57
2017/8/17,11.71
2017/8/18,11.65
2017/8/21,12.8
2017/8/22,12.86
2017/8/23,12.53
2017/8/24,12.3
2017/8/25,12.5
2017/8/28,12.78
2017/8/29,12.69
2017/8/30,13.09
2017/8/31,13.04
2017/9/1,12.88
2017/9/4,12.72
2017/9/5,12.59
2017/9/6,12.49
2017/9/7,12.6
2017/9/8,12.42
2017/9/11,12.51
2017/9/12,12.7
2017/9/13,12.9
2017/9/14,14.08
2017/9/15,14.07
2017/9/18,14.3
2017/9/19,14.75
2017/9/20,14.57
2017/9/21,14.6
2017/9/22,14.1
2017/9/25,14.12
2017/9/26,13.77
2017/9/27,13.8
2017/9/28,13.86
2017/9/29,13.87
2017/10/9,14.1
2017/10/10,14.45
2017/10/11,14.3
2017/10/12,13.95
2017/10/13,13.99
2017/10/16,13.57
2017/10/17,13.15
2017/10/18,13.28
2017/10/19,12.9
2017/10/20,12.91
2017/10/23,13.39
2018/5/14,12.01
2018/5/15,12.03
2018/5/16,11.99
2018/5/17,11.89
2018/5/18,11.5
2018/5/21,12.26
2018/5/22,12.28
2018/5/23,12.17
2018/5/24,11.81
2018/5/25,11.53
2018/5/28,11.31
2018/5/29,10.92
2018/5/30,10.8
2018/5/31,10.28
2018/6/1,10.38
2018/6/4,10.4
2018/6/5,10.26
2018/6/6,10.52
2018/6/7,10.32
2018/6/8,10.16
2018/6/11,9.94
2018/6/12,10.2
2018/6/13,11.21
2018/6/14,10.79
2018/6/15,11.13
2018/6/19,11.4
2018/6/20,11.32
2018/6/21,11.32
2018/6/22,10.32
2018/6/25,10.64
2018/6/26,10.3
2018/6/27,10.02
2018/6/28,10.28
2018/6/29,9.98
2018/7/2,10.32
2018/7/3,10.01
2018/7/4,9.77
2018/7/5,10.13
2018/7/6,9.7
2018/7/9,9.98
2018/7/10,10
2018/7/11,9.72
2018/7/12,9.53
2018/7/13,9.88
2018/7/16,9.83
2018/7/17,9.68
2018/7/18,10.18
2018/7/19,9.95
2018/7/20,9.77
2018/7/23,9.8
2018/7/24,9.91
2018/7/25,10.11
2018/7/26,10.24
2018/7/27,10.09
2018/7/30,10.28
2018/7/31,10.56
2018/8/1,10.3
2018/8/2,9.99
2018/8/3,9.51
2018/8/6,9.4
2018/8/7,9.09
2018/8/8,9.08
2018/8/9,9.02
2018/8/10,9.2
2018/8/13,9.16
2018/8/14,9.23
2018/8/15,9.32
2018/8/16,9.2
2018/8/17,9.17
2018/8/20,8.89
2018/8/21,8.99
2018/8/22,9.4
2018/8/23,9.95
2018/8/24,9.82
2018/8/27,9.6
2018/8/28,9.7
2018/8/29,9.61
2018/8/30,9.77
2018/8/31,9.49
2018/9/3,9.44
2018/9/4,9.5
2018/9/5,9.5
2018/9/6,9.13
2018/9/7,9.1
2018/9/10,9.08
2018/9/11,8.92
2018/9/12,8.96
2018/9/13,9.08
2018/9/14,9.13
2018/9/17,8.91
2018/9/18,8.81
2018/9/27,9.66
2018/9/28,9.3
2018/10/8,9.06
2018/10/9,9.49
2018/10/10,9.74
2018/10/11,9
2018/10/12,8.7
2018/10/15,8.94
2018/10/16,8.75
2018/10/17,8.88
2018/10/18,8.7
2018/10/19,7.94
2018/10/22,8.11
2018/10/23,8.42
2018/10/24,8.05
2018/10/25,8.08
2018/10/26,8.22
2018/10/29,8.19
2018/10/30,7.92
2018/10/31,8.05
2018/11/1,8.17
2018/11/2,8.25
2018/11/5,8.38
2018/11/6,8.3
2018/11/7,8.32
2018/11/8,8.38
2018/11/9,8.18
2018/11/12,8.12
2018/11/13,8.12
2018/11/14,8.31
2018/11/15,8.4
2018/11/16,8.52
2018/11/19,8.53
2018/11/20,8.68
2018/11/21,8.26
2018/11/22,8.4
2018/11/23,8.35
2018/11/26,7.99
2018/11/27,7.98
2018/11/28,8
2018/11/29,8.03
2018/11/30,7.86
2018/12/3,8.01
2018/12/4,8.07
2018/12/5,8.1
2018/12/6,8.19
2018/12/7,8.05
2018/12/10,8.05
2018/12/11,7.97
2018/12/12,8.04
2018/12/13,8.02
2018/12/14,8.07
2018/12/17,7.83
2018/12/18,7.93
2018/12/19,8.02
2018/12/20,7.88
2018/12/21,7.84
2018/12/24,7.87
2018/12/25,7.89
2018/12/26,7.87
2018/12/27,7.98
2018/12/28,7.69
2019/1/2,7.46
2019/1/3,7.49
2019/1/4,7.25
2019/1/7,7.45
2019/1/8,7.5
2019/1/9,7.4
2019/1/10,7.35
2019/1/11,7.33
2019/1/14,7.36
2019/1/15,7.35
2019/1/16,7.38
2019/1/17,7.45
2019/1/18,7.34
2019/1/21,7.39
2019/1/22,7.45
2019/1/23,7.39
2019/1/24,7.4
2019/1/25,7.45
2019/1/28,7.43
2019/1/29,7.26
2019/1/30,6.9
2019/1/31,6.85
2019/2/1,6.49
2019/2/11,6.81
2019/2/12,7.01
2019/2/13,7.06
2019/2/14,7.16
2019/2/15,7.11
2019/2/18,7.18
2019/2/19,7.47
2019/2/20,7.64
2019/2/21,7.44
2019/2/22,7.44
2019/2/25,7.8
2019/2/26,8.3
2019/2/27,8.14
2019/2/28,8.12
2019/3/1,8.23
2019/3/4,8.22
2019/3/5,8.37
2019/3/6,9
2019/3/7,9.19
2019/3/8,8.88
2019/3/11,8.78
2019/3/12,9.08
2019/3/13,9.15
2019/3/14,8.84
2019/3/15,8.55
2019/3/18,9.01
2019/3/19,8.83
2019/3/20,9.05
2019/3/21,8.81
2019/3/22,8.8
2019/3/25,8.71
2019/3/26,8.75
2019/3/27,8.47
2019/3/28,8.47
2019/3/29,8.3
2019/4/1,8.68
2019/4/2,8.8
2019/4/3,8.86
2019/4/4,8.9
2019/4/8,8.93
2019/4/9,9.05
2019/4/10,9.01
2019/4/11,9.31
2019/4/12,9.56
2019/4/15,10.05
2019/4/16,9.56
2019/4/17,9.4
2019/4/18,9.38
2019/4/19,9.25
2019/4/22,9.23
2019/4/23,9.38
2019/4/24,9.14
2019/4/25,9
2019/4/26,8.55
2019/4/29,8.65
2019/4/30,8.16
2019/5/6,8.05
2019/5/7,7.63
2019/5/8,8.4
2019/5/9,8.69
2019/5/10,8.37
2019/5/13,8.24
2019/5/14,8.1
2019/5/15,8.15
2019/5/16,8.21
2019/5/17,8.4
2019/5/20,8.41
2019/5/21,8.1
2019/5/22,8.1
2019/5/23,7.9
2019/5/24,7.65
2019/5/27,7.75
2019/5/28,7.89
2019/5/29,7.8
2019/5/30,7.83
2019/5/31,8.01
2019/6/3,7.84
2019/6/4,7.7
2019/6/5,7.64
2019/6/6,7.6
2019/6/10,7.45
2019/6/11,7.48
2019/6/12,7.69
2019/6/13,7.78
2019/6/14,7.74
2019/6/17,7.48
2019/6/18,7.48
2019/6/19,7.65
2019/6/20,7.58
2019/6/21,7.72
2019/6/24,7.76
2019/6/25,7.83
2019/6/26,7.58
2019/6/27,7.61
2019/6/28,7.65
2019/7/1,7.63
2019/7/2,7.73
2019/7/3,7.67
2019/7/4,7.68
2019/7/5,7.66
2019/7/8,7.89
2019/7/9,7.6
2019/7/10,7.59
2019/7/11,7.49
2019/7/12,7.42
2019/7/15,7.42
2019/7/16,7.48
2019/7/17,7.51
2019/7/18,7.48
2019/7/19,7.34
2019/7/22,7.37
2019/7/23,7.07
2019/7/24,7.13
2019/7/25,7.18
2019/7/26,7.12
2019/7/29,7.12
2019/7/30,7.1
2019/7/31,7.22
2019/8/1,7.28
2019/8/2,7
2019/8/5,7.1
2019/8/6,6.79
2019/8/7,6.72
2019/8/8,6.61
2019/8/9,6.63
2019/8/12,6.72
2019/8/13,6.65
2019/8/14,6.78
2019/8/15,6.54
2019/8/16,6.63
2019/8/19,6.69
2019/8/20,6.85
2019/8/21,6.87
2019/8/22,6.87
2019/8/23,6.84
2019/8/26,6.56
2019/8/27,6.74
2019/8/28,6.8
2019/8/29,6.92
2019/8/30,6.9
2019/9/2,6.73
2019/9/3,6.87
2019/9/4,6.86
2019/9/5,6.91
2019/9/6,6.96
2019/9/9,7.08
2019/9/10,7.13
2019/9/11,7.26
2019/9/12,7.18
2019/9/16,7.36
2019/9/17,7.35
2019/9/18,7.11
2019/9/19,7.06
2019/9/20,7.03
2019/9/23,7.03
2019/9/24,6.94
2019/9/25,7.01
2019/9/26,7.25
2019/9/27,7.18
2019/9/30,7.11
2019/10/8,6.89
2019/10/9,6.73
2019/10/10,6.8
2019/10/11,6.84
2019/10/14,6.9
2019/10/15,6.93
2019/10/16,6.93
2019/10/17,6.78
2019/10/18,6.78
2019/10/21,6.74
2019/10/22,6.72
2019/10/23,6.74
2019/10/24,6.74
2019/10/25,6.75
2019/10/28,6.77
2019/10/29,6.86
2019/10/30,6.78
2019/10/31,6.74
2019/11/1,6.65
2019/11/4,6.74
2019/11/5,6.76
2019/11/6,6.8
2019/11/7,6.69
2019/11/8,6.74
2019/11/11,6.7
2019/11/12,6.51
2019/11/13,6.56
2019/11/14,6.58
2019/11/15,6.51
2019/11/18,6.34
2019/11/19,6.35
2019/11/20,6.42
2019/11/21,6.45
2019/11/22,6.33
2019/11/25,6.31
2019/11/26,6.32
2019/11/27,6.32
2019/11/28,6.42
2019/11/29,6.33
2019/12/2,6.3
2019/12/3,6.28
2019/12/4,6.23
2019/12/5,6.28
2019/12/6,6.33
2019/12/9,6.35
2019/12/10,6.32
2019/12/11,6.31
2019/12/12,6.29
2019/12/13,6.26
2019/12/16,6.35
2019/12/17,6.48
2019/12/18,6.57
2019/12/19,6.55
2019/12/20,6.6
2019/12/23,6.49
2019/12/24,6.42
2019/12/25,6.45
2019/12/26,6.46
2019/12/27,6.42
2019/12/30,6.48
2019/12/31,6.6
2020/1/2,6.65
2020/1/3,6.69
2020/1/6,6.9
2020/1/7,6.84
2020/1/8,6.86
2020/1/9,6.79
2020/1/10,6.82
2020/1/13,6.78
2020/1/14,6.87
2020/1/15,6.89
2020/1/16,6.81
2020/1/17,6.67
2020/1/20,6.77
2020/1/21,6.7
2020/1/22,6.67
2020/1/23,6.83
2020/2/3,6.92
2020/2/4,7
2020/2/5,7.44
2020/2/6,7.95
2020/2/7,8.71
2020/2/10,8.4
2020/2/11,8.55
2020/2/12,7.7
2020/2/13,7.82
2020/2/14,7.59
2020/2/17,7.75
2020/2/18,7.79
2020/2/19,7.7
2020/2/20,7.54
2020/2/21,7.59
2020/2/24,7.73
2020/2/25,7.76
2020/2/26,7.66
2020/2/27,7.7
2020/2/28,7.4
2020/3/2,7.02
2020/3/3,7.3
2020/3/4,7.19
2020/3/5,7.29
2020/3/6,7.32
2020/3/9,7.3
2020/3/10,7.05
2020/3/11,7.23
2020/3/12,7.19
2020/3/13,6.89
2020/3/16,7.01
2020/3/17,6.7
2020/3/18,6.63
2020/3/19,6.44
2020/3/20,6.56
2020/3/23,6.5
2020/3/24,7.26
2020/3/25,7.36
2020/3/26,7.4
2020/3/27,7.7
2020/3/30,7.44
2020/3/31,7.54
2020/4/1,7.85
2020/4/2,7.45
2020/4/3,7.36
2020/4/7,7.43
2020/4/8,7.98
2020/4/9,7.95
2020/4/10,7.78
2020/4/13,7.37
2020/4/14,7.6
2020/4/15,7.47
2020/4/16,7.6
2020/4/17,7.55
2020/4/20,7.48
2020/4/21,7.67
2020/4/22,7.51
2020/4/23,7.93
2020/4/24,7.97
2020/4/27,8.1
2020/4/28,7.97
2020/4/29,7.55
2020/4/30,7.42
2020/5/6,7.36
2020/5/7,7.56
2020/5/8,7.76
2020/5/11,7.63
2020/5/12,7.59
2020/5/13,7.68
2020/5/14,7.52
2020/5/15,7.31
2020/5/18,7.32
2020/5/19,7.45
2020/5/20,7.37
2020/5/21,7.23
2020/5/22,7.07
2020/5/25,6.91
2020/5/26,6.98
2020/5/27,6.97
2020/5/28,6.84
2020/5/29,6.79
2020/6/1,6.83
2020/6/2,6.99
2020/6/3,7.07
2020/6/4,6.99
2020/6/5,7.08
2020/6/8,7.01
2020/6/9,6.97
2020/6/10,6.97
2020/6/11,6.92
2020/6/12,6.73
2020/6/15,6.82
2020/6/16,6.89
2020/6/17,6.92
2020/6/18,7
2020/6/19,6.96
2020/6/22,6.97
2020/6/23,6.93
2020/6/24,6.81
2020/6/29,6.79
2020/6/30,6.87
2020/7/1,6.84
2020/7/2,6.84
2020/7/3,6.95
2020/7/6,7.05
2020/7/7,7.35
2020/7/8,7.25
2020/7/9,7.48
2020/7/10,7.57
2020/7/13,7.46
2020/7/14,8.27
2020/7/15,8.02
2020/7/16,7.87
2020/7/17,7.53
2020/7/20,7.62
2020/7/21,7.83
2020/7/22,7.73
2020/7/23,7.73
2020/7/24,7.65
2020/7/27,7.72
2020/7/28,7.71
2020/7/29,7.62
2020/7/30,7.74
2020/7/31,7.9
2020/8/3,8.08
2020/8/4,8.34
2020/8/5,9.6
2020/8/6,10.31
2020/8/7,9.7
2020/8/10,9.87
2020/8/11,9.43
2020/8/12,9.3
2020/8/13,9.45
2020/8/14,10.1
2020/8/17,9.47
2020/8/18,10
2020/8/19,10.03
2020/8/20,9.55
2020/8/21,9.51
2020/8/24,10.63
2020/8/25,11.71
2020/8/26,10.16
2020/8/27,9.73
2020/8/28,10
2020/8/31,9.79
2020/9/1,10.28
2020/9/2,10.34
2020/9/3,10.05
2020/9/4,9.5
2020/9/7,9.7
2020/9/8,9.22
2020/9/9,9.02
2020/9/10,8.88
2020/9/11,8.85
2020/9/14,9.02
2020/9/15,8.99
2020/9/16,8.89
2020/9/17,8.8
2020/9/18,8.73
2020/9/21,8.85
2020/9/22,8.91
2020/9/23,8.87
2020/9/24,8.73
2020/9/25,8.64
2020/9/28,8.42
2020/9/29,8.29
2020/9/30,8.38
2020/10/9,8.52
2020/10/12,8.71
2020/10/13,8.92
2020/10/14,8.85
2020/10/15,8.82
2020/10/16,8.76
2020/10/19,8.88
2020/10/20,8.66
2020/10/21,8.76
2020/10/22,8.67
2020/10/23,8.61
2020/10/26,8.56
2020/10/27,8.37
2020/10/28,8.34
2020/10/29,8.35
2020/10/30,8.4
2020/11/2,8.21
2020/11/3,7.83
2020/11/4,8.09
2020/11/5,8.16
2020/11/6,8.17
2020/11/9,8.06
2020/11/10,8.21
2020/11/11,8.21
2020/11/12,8.24
2020/11/13,8.25
2020/11/16,8.24
2020/11/17,8.41
2020/11/18,8.56
2020/11/19,8.55
2020/11/20,8.5
2020/11/23,8.51
2020/11/24,8.65
2020/11/25,8.76
2020/11/26,8.66
2020/11/27,8.63
2020/11/30,8.59
2020/12/1,8.76
2020/12/2,8.85
2020/12/3,9.34
2020/12/4,9.1
2020/12/7,9.11
2020/12/8,9
2020/12/9,9
2020/12/10,8.71
2020/12/11,8.77
2020/12/14,8.46
2020/12/15,8.6
2020/12/16,8.35
2020/12/17,8.83
2020/12/18,9.08
2020/12/21,9.08
2020/12/22,9.13
2020/12/23,8.98
2020/12/24,9.06
2020/12/25,8.57
2020/12/28,8.46
2020/12/29,8.45
2020/12/30,8.2
2020/12/31,8.29
2021/1/4,8.57
2021/1/5,9.39
2021/1/6,9.53
2021/1/7,9.49
2021/1/8,9.37
2021/1/11,9.49
2021/1/12,9.22
2021/1/13,9.47
2021/1/14,9.72
2021/1/15,9.01
2021/1/18,9
2021/1/19,10.29
2021/1/20,9.88
2021/1/21,9.87
2021/1/22,9.9
2021/1/25,9.48
2021/1/26,10.1
2021/1/27,9.81
2021/1/28,10.28
2021/1/29,10.38
2021/2/1,11.02
2021/2/2,10.86
2021/2/3,10.41
2021/2/4,10
2021/2/5,9.32
2021/2/8,9
2021/2/9,8.91
2021/2/10,9.19
2021/2/18,9.14
2021/2/19,9.39
2021/2/22,9.75
2021/2/23,9.8
2021/2/24,9.52
2021/2/25,9.4
2021/2/26,9.02
2021/3/1,9.28
2021/3/2,9.47
2021/3/3,9.2
2021/3/4,9.47
2021/3/5,9.57
2021/3/8,9.75
2021/3/9,9.3
2021/3/10,8.97
2021/3/11,8.86
2021/3/12,9.01
2021/3/15,8.87
2021/3/16,8.96
2021/3/17,8.93
2021/3/18,9
2021/3/19,8.78
2021/3/22,8.58
2021/3/23,8.71
2021/3/24,8.67
2021/3/25,8.66
2021/3/26,8.69
2021/3/29,8.75
2021/3/30,8.64
2021/3/31,8.61
2021/4/1,8.96
2021/4/2,9.02
2021/4/6,9.6
2021/4/7,9.19
2021/4/8,9.16
2021/4/9,9.25
2021/4/12,9.42
2021/4/13,9.3
2021/4/14,9.17
2021/4/15,9.3
2021/4/16,9.25
2021/4/19,9.35
2021/4/20,9.38
2021/4/21,9.39
2021/4/22,9.3
2021/4/23,9.24
2021/4/26,9.12
2021/4/27,9.37
2021/4/28,9.46
2021/4/29,9.59
2021/4/30,9.2
2021/5/6,9.13
2021/5/7,9.25
2021/5/10,9.56
2021/5/11,9.5
2021/5/12,9.81
2021/5/13,9.99
2021/5/14,9.97
2021/5/17,9.92
2021/5/18,9.9
2021/5/19,10.1
2021/5/20,9.86
2021/5/21,9.88
2021/5/24,9.66
2021/5/25,9.73
2021/5/26,9.95
2021/5/27,10.21
2021/5/28,10.17
2021/5/31,10.07
2021/6/1,9.94
2021/6/2,10.06
2021/6/3,9.65
2021/6/4,9.63
2021/6/7,9.64
2021/6/8,9.9
2021/6/9,9.65
2021/6/10,9.6
2021/6/11,9.26
2021/6/15,9.19
2021/6/16,9.14
2021/6/17,9.12
2021/6/18,9.06
2021/6/21,8.85
2021/6/22,8.9
2021/6/23,9.08
2021/6/24,9.04
2021/6/25,9.13
2021/6/28,9.16
2021/6/29,9.12
2021/6/30,9.13
2021/7/1,8.98
2021/7/2,8.88
2021/7/5,8.91
2021/7/6,9.08
2021/7/7,9.09
2021/7/8,9.12
2021/7/9,8.86
2021/7/12,9.21
2021/7/13,9.26
2021/7/14,9.21
2021/7/15,9.29
2021/7/16,9.24
2021/7/19,9.44
2021/7/20,9.51
2021/7/21,9.48
2021/7/22,9.48
2021/7/23,9.5
2021/7/26,9.32
2021/7/27,9.45
2021/7/28,8.91
2021/7/29,8.63
2021/7/30,8.64
2021/8/2,8.52
2021/8/3,8.68
2021/8/4,8.73
2021/8/5,8.73
2021/8/6,8.69
2021/8/9,8.53
2021/8/10,8.7
2021/8/11,8.77
2021/8/12,8.75
2021/8/13,8.8
2021/8/16,9
2021/8/17,8.87
2021/8/18,8.62
2021/8/19,8.76
2021/8/20,8.68
2021/8/23,8.65
2021/8/24,8.81
2021/8/25,8.84
2021/8/26,9.03
2021/8/27,8.93
2021/8/30,9.07
2021/8/31,9.31
2021/9/1,9.35
2021/9/2,9.28
2021/9/3,9.44
2021/9/6,9.48
2021/9/7,9.61
2021/9/8,9.79
2021/9/9,9.77
2021/9/10,9.86
2021/9/13,9.99
2021/9/14,10.08
2021/9/15,9.93
2021/9/16,10.41
2021/9/17,10.23
2021/9/22,10.01
2021/9/23,10.33
2021/9/24,11.2
2021/9/27,11.2
2021/9/28,10.5
2021/9/29,10.33
2021/9/30,10.18
2021/10/8,10.34
2021/10/11,10.54
2021/10/12,10.67
2021/10/13,10.5
2021/10/14,10.1
2021/10/15,9.76
2021/10/18,9.55
2021/10/19,9.81
2021/10/20,10.69
2021/10/21,10.91
2021/10/22,11.11
2021/10/25,10.82
2021/10/26,10.98
2021/10/27,10.83
2021/10/28,10.7
2021/10/29,9.69
